Year,Exploratory,EP_PlotID,isVIP,isMIP,TotalGrazing,TotalMowing,TotalFertilization
2006,HAI,HEG25,no,no,535.0318,1,0
2006,HAI,HEG24,no,no,237.193,3,0
2006,HAI,HEG23,no,no,170.4545,2,0
2006,HAI,HEG22,no,no,62.1827,2,0
2006,HAI,HEG27,no,yes,0,1,60
2006,HAI,HEG21,no,yes,32.5599,0,0
2006,HAI,HEG20,no,yes,8.8813,0,0
2006,HAI,HEG2,yes,yes,0,3,100
2006,HAI,HEG19,no,no,35.2753,1,0
2006,HAI,HEG18,no,no,9.3371,0,0
2006,HAI,HEG17,no,no,35.2753,1,0
2006,HAI,HEG16,no,no,19.8758,0,0
2006,HAI,HEG3,yes,yes,0,3,100
2006,HAI,HEG15,no,no,32.6019,1,60
2006,HAI,HEG14,no,no,9.6182,1,90.7689
2006,HAI,HEG13,no,no,58.0812,3,0
2006,HAI,HEG12,no,no,876.2667,1,60
2006,HAI,HEG11,no,yes,0,1,61.9662
2006,SCH,SEG24,no,no,0,2,0
2006,SCH,SEG26,no,no,0,2,0
2006,HAI,HEG10,no,yes,0,1,63.2585
2006,ALB,AEG9,yes,yes,29.0557,0,0
2006,HAI,HEG1,yes,yes,0,2,115
2006,ALB,AEG8,yes,yes,135.8025,1,0
2006,ALB,AEG7,yes,yes,34.2857,0,0
2006,ALB,AEG6,yes,yes,414.375,1,57.9154
2006,ALB,AEG50,no,no,0,2,47.3566
2006,ALB,AEG5,yes,yes,113.75,1,60.1769
2006,SCH,SEG28,no,no,0,2,0
2006,ALB,AEG49,no,yes,67.5676,0,0
2006,ALB,AEG48,no,no,46.875,0,0
2006,ALB,AEG47,no,no,225.5859,0,0
2006,ALB,AEG46,no,yes,357.0772,0,0
2006,ALB,AEG45,no,yes,0,2,9.9508
2006,ALB,AEG44,no,yes,372.4138,0,0
2006,ALB,AEG43,no,no,200,1,65.45
2006,ALB,AEG42,no,no,354.3307,1,77
2006,ALB,AEG41,no,no,0,3,87.75
2006,ALB,AEG40,no,no,0,2,37.5092
2006,ALB,AEG4,yes,yes,110.7062,1,62.4385
2006,ALB,AEG39,no,yes,0,2,71.4662
2006,ALB,AEG38,no,yes,0,2,42.8292
2006,ALB,AEG37,no,no,0,2,77.0877
2006,ALB,AEG36,no,no,0,2,37.7138
2006,ALB,AEG35,no,no,0,2,37.2615
2006,ALB,AEG34,no,no,56.8182,0,0
2006,ALB,AEG33,no,yes,77.6197,0,0
2006,ALB,AEG32,no,no,36.4078,0,0
2006,ALB,AEG31,no,yes,59.5794,0,0
2006,ALB,AEG30,no,yes,124.0876,0,0
2006,ALB,AEG29,no,no,50.3683,1,62.9462
2006,SCH,SEG29,no,no,0,1,0
2006,ALB,AEG28,no,no,52.2908,0,0
2006,ALB,AEG3,yes,yes,0,2,77
2006,ALB,AEG27,no,no,180.9955,0,0
2006,ALB,AEG26,no,yes,50,0,0
2006,ALB,AEG25,no,no,54.6691,0,0
2006,ALB,AEG24,no,no,132.9787,2,97.4349
2006,ALB,AEG23,no,no,0,2,0
2006,ALB,AEG22,no,yes,15.4959,1,0
2006,ALB,AEG21,no,yes,911.9454,0,116.1785
2006,ALB,AEG20,no,yes,316.4384,0,0
2006,ALB,AEG2,yes,yes,0,3,232
2006,ALB,AEG19,no,no,258.4795,1,52.7138
2006,ALB,AEG18,no,yes,0,3,236.6154
2006,ALB,AEG17,no,no,0,3,96.25
2006,ALB,AEG16,no,no,135.4959,1,45.1769
2006,ALB,AEG15,no,yes,0,3,178
2006,ALB,AEG14,no,no,0,2,155.0923
2006,ALB,AEG13,no,no,0,2,82.2569
2006,SCH,SEG30,no,no,0,1,0
2006,ALB,AEG12,no,no,0,2,71.4846
2006,ALB,AEG11,no,no,0,2,52.4138
2006,ALB,AEG10,no,yes,0,1,0
2007,ALB,AEG23,no,no,0,2,0
2006,ALB,AEG1,yes,yes,0,2,69.5785
2006,SCH,SEG1,yes,yes,0,3,113
2006,HAI,HEG26,no,yes,0,1,63
2006,HAI,HEG28,no,yes,93.1343,1,27
2006,HAI,HEG29,no,no,131.0924,1,27
2006,HAI,HEG30,no,yes,47.1513,3,60
2006,HAI,HEG31,no,no,22.1652,3,36
2006,HAI,HEG32,no,no,419.4923,1,60
2006,HAI,HEG33,no,yes,172.0824,0,27
2006,HAI,HEG34,no,no,46.3781,2,82.9446
2006,HAI,HEG35,no,no,446.9274,2,77
2006,HAI,HEG36,no,no,50.3632,1,63.8769
2006,HAI,HEG37,no,yes,52.5917,1,60
2006,HAI,HEG38,no,no,251.3333,2,2.0677
2006,HAI,HEG39,no,no,280.6768,2,0
2006,HAI,HEG4,yes,yes,174.428,2,27
2006,HAI,HEG40,no,yes,426.8331,0,0
2006,HAI,HEG41,no,no,8.8813,0,0
2006,HAI,HEG42,no,yes,35.2753,1,0
2006,HAI,HEG43,no,yes,10.4716,0,0
2006,HAI,HEG44,no,yes,5.6201,0,0
2006,HAI,HEG45,no,no,5.1358,0,0
2006,HAI,HEG46,no,no,41.6268,0,0
2006,HAI,HEG47,no,no,121.7045,1,20.3538
2006,HAI,HEG48,no,yes,119.265,1,15.1846
2006,SCH,SEG10,no,no,0,2,127
2006,HAI,HEG49,no,no,112.8953,1,26.8154
2006,HAI,HEG5,yes,yes,46.7836,3,60
2006,HAI,HEG50,no,yes,115.4717,1,31.0154
2006,HAI,HEG6,yes,yes,46.3781,2,82.9446
2006,HAI,HEG7,yes,yes,406.4288,0,37.4769
2006,HAI,HEG8,yes,yes,406.4288,0,37.4769
2006,HAI,HEG9,yes,yes,64.2857,0,0
2006,SCH,SEG11,no,no,0,2,127
2006,SCH,SEG12,no,no,0,3,113
2006,SCH,SEG13,no,no,0,2,71.6523
2006,SCH,SEG14,no,no,122.3103,0,0
2006,SCH,SEG15,no,no,28,1,0
2006,SCH,SEG16,no,no,28,1,0
2006,SCH,SEG17,no,no,83.6892,1,0
2006,SCH,SEG18,no,yes,0,1,0
2006,SCH,SEG19,no,no,28,0,0
2006,SCH,SEG2,yes,yes,0,2,163
2006,SCH,SEG20,no,no,263.4947,1,0
2007,SCH,SEG17,no,no,0,2,0
2006,SCH,SEG21,no,no,303.3614,1,0
2006,SCH,SEG22,no,yes,107.8111,0,0
2006,SCH,SEG23,no,yes,0,2,0
2006,SCH,SEG25,no,yes,0,2,0
2006,SCH,SEG27,no,yes,0,1,0
2006,SCH,SEG3,yes,yes,0,2,127
2006,SCH,SEG31,no,yes,0,1,0
2006,SCH,SEG32,no,yes,0,1,0
2006,SCH,SEG33,no,yes,104.1616,2,89.3046
2006,SCH,SEG34,no,no,58.6455,2,93.9569
2006,SCH,SEG35,no,yes,58.6455,2,96.3015
2006,SCH,SEG36,no,no,147.8354,1,0
2006,SCH,SEG37,no,yes,375.2974,0,0
2006,SCH,SEG38,no,yes,1428.6145,1,0
2006,SCH,SEG39,no,yes,56.6327,1,0
2006,SCH,SEG4,yes,yes,28,1,0
2006,SCH,SEG40,no,no,318.7846,0,0
2006,SCH,SEG41,no,no,1361.9482,0,0
2006,SCH,SEG42,no,yes,517.0631,0,10.4991
2006,SCH,SEG43,no,yes,274.2798,0,18.9426
2006,SCH,SEG44,no,no,414.8,0,5.3191
2006,SCH,SEG45,no,no,94.3594,0,0
2006,SCH,SEG46,no,yes,724.2515,1,0
2006,SCH,SEG47,no,no,128.3449,1,0
2006,SCH,SEG48,no,no,317.2891,0,0
2006,SCH,SEG49,no,no,439.2023,1,0
2006,SCH,SEG5,yes,yes,28,1,0
2006,SCH,SEG50,no,yes,671.7477,1,0
2006,SCH,SEG6,yes,yes,83.6892,1,0
2006,SCH,SEG7,yes,yes,122.3103,0,0
2006,SCH,SEG8,yes,yes,28,0,0
2006,SCH,SEG9,yes,yes,317.2891,1,0
2007,ALB,AEG1,yes,yes,0,2,44.7892
2007,ALB,AEG10,no,yes,0,1,0
2007,ALB,AEG11,no,no,0,3,43.7069
2007,ALB,AEG12,no,no,0,2,45.7423
2007,ALB,AEG13,no,no,0,2,51.1285
2007,ALB,AEG14,no,no,0,2,121.4462
2007,ALB,AEG15,no,yes,0,3,154
2007,ALB,AEG16,no,no,19.4635,2,39.3885
2007,ALB,AEG17,no,no,0,3,96.25
2007,ALB,AEG18,no,yes,0,3,123.7077
2007,ALB,AEG19,no,no,1000.1949,1,51.3569
2007,ALB,AEG2,yes,yes,0,3,298
2007,ALB,AEG20,no,yes,316.4384,0,0
2007,ALB,AEG21,no,yes,1135.8362,0,133.6892
2007,ALB,AEG22,no,yes,0,1,0
2007,ALB,AEG24,no,no,132.9787,2,89.3675
2007,ALB,AEG25,no,no,54.6691,0,0
2007,ALB,AEG26,no,yes,400,0,0
2007,ALB,AEG27,no,no,217.1946,0,0
2007,ALB,AEG28,no,no,50.7968,0,0
2007,ALB,AEG29,no,no,50.3683,1,80.4731
2007,ALB,AEG3,yes,yes,0,3,77
2007,ALB,AEG30,no,yes,124.0876,0,0
2007,ALB,AEG31,no,yes,59.5794,0,0
2007,ALB,AEG32,no,no,35.3675,0,0
2007,ALB,AEG33,no,yes,323.4153,0,0
2007,ALB,AEG34,no,no,90.1515,0,0
2007,ALB,AEG35,no,no,0,2,36.1308
2007,ALB,AEG36,no,no,0,2,36.3569
2007,ALB,AEG37,no,no,0,2,48.5438
2007,ALB,AEG38,no,yes,0,2,2.1646
2007,ALB,AEG39,no,yes,0,2,45.7331
2007,ALB,AEG4,yes,yes,106.6059,1,41.2192
2007,ALB,AEG40,no,no,0,2,43.9546
2007,ALB,AEG41,no,no,0,2,123.25
2007,ALB,AEG42,no,no,354.3307,1,77
2007,ALB,AEG43,no,no,214.2857,1,69.3
2007,ALB,AEG44,no,yes,506.8966,0,0
2007,ALB,AEG45,no,yes,0,2,4.9754
2007,ALB,AEG46,no,yes,286.7647,0,0
2007,ALB,AEG47,no,no,54.6875,0,0
2007,ALB,AEG48,no,no,62.5,0,0
2007,ALB,AEG49,no,yes,91.8919,0,0
2007,ALB,AEG5,yes,yes,123.5294,1,55.0885
2007,ALB,AEG50,no,no,0,2,49.2563
2007,ALB,AEG6,yes,yes,687.1875,1,53.9577
2007,ALB,AEG7,yes,yes,30.7692,0,0
2007,ALB,AEG8,yes,yes,103.7037,1,0
2007,ALB,AEG9,yes,yes,38.7409,0,0
2007,HAI,HEG1,yes,yes,44.9331,3,135
2007,HAI,HEG10,no,yes,0,1,40.0292
2007,HAI,HEG11,no,yes,0,1,39.3831
2007,HAI,HEG12,no,no,450,0,50
2007,HAI,HEG13,no,no,39.8271,3,0
2007,HAI,HEG14,no,no,182.1145,1,140.4245
2007,HAI,HEG15,no,no,25.8621,2,60
2007,HAI,HEG16,no,no,113.3208,0,0
2007,HAI,HEG17,no,no,47.9423,1,0
2007,HAI,HEG18,no,no,85.9301,0,0
2007,HAI,HEG19,no,no,47.9423,0,0
2007,HAI,HEG2,yes,yes,34.7958,3,140
2007,HAI,HEG20,no,yes,54.8457,0,0
2007,HAI,HEG21,no,yes,89.2216,0,0
2007,HAI,HEG22,no,no,44.4162,2,0
2007,HAI,HEG23,no,no,107.5379,1,0
2007,HAI,HEG24,no,no,357.1429,1,0
2007,HAI,HEG25,no,no,401.2739,1,0
2007,HAI,HEG26,no,yes,0,1,39.9
2007,HAI,HEG27,no,yes,0,1,60
2007,HAI,HEG28,no,yes,82.0896,1,30
2007,HAI,HEG29,no,no,52.506,2,30
2007,HAI,HEG3,yes,yes,34.7958,3,140
2007,HAI,HEG30,no,yes,0,4,60
2007,HAI,HEG31,no,no,119.1421,1,50
2007,HAI,HEG32,no,no,103.8781,1,50
2007,HAI,HEG33,no,yes,118.5999,1,27
2007,HAI,HEG34,no,no,9.2756,1,112.9723
2007,HAI,HEG35,no,no,19.5531,1,110
2007,HAI,HEG36,no,no,173.6441,1,61.9385
2007,HAI,HEG37,no,yes,181.3274,1,60
2007,HAI,HEG38,no,no,268.1212,2,1.0338
2007,HAI,HEG39,no,no,187.7834,0,0
2007,HAI,HEG4,yes,yes,113.834,1,27
2007,HAI,HEG40,no,yes,54.9442,0,0
2007,HAI,HEG41,no,no,54.8457,0,0
2007,HAI,HEG42,no,yes,47.9423,0,0
2007,HAI,HEG43,no,yes,87.6099,0,0
2007,HAI,HEG44,no,yes,113.2802,0,0
2007,HAI,HEG45,no,no,17.7074,0,0
2007,HAI,HEG46,no,no,86.426,0,0
2007,HAI,HEG47,no,no,102.2727,1,10.1769
2007,HAI,HEG48,no,yes,258.7973,0,7.5923
2007,HAI,HEG49,no,no,163.3169,0,13.4077
2007,HAI,HEG5,yes,yes,93.5673,3,80
2007,HAI,HEG50,no,yes,54.8113,1,105.1077
2007,HAI,HEG6,yes,yes,9.2756,1,112.9723
2007,HAI,HEG7,yes,yes,452.4608,0,27.1385
2007,HAI,HEG8,yes,yes,452.4608,0,27.1385
2007,HAI,HEG9,yes,yes,71.4286,0,0
2007,SCH,SEG1,yes,yes,0,2,126
2007,SCH,SEG10,no,no,55.7237,2,120
2007,SCH,SEG11,no,no,55.7237,2,120
2007,SCH,SEG12,no,no,0,2,126
2007,SCH,SEG13,no,no,0,2,49.3262
2007,SCH,SEG14,no,no,122.3103,0,0
2007,SCH,SEG15,no,no,28,1,0
2007,SCH,SEG16,no,no,28,1,0
2007,SCH,SEG18,no,yes,0,2,0
2007,SCH,SEG19,no,no,28,0,0
2007,SCH,SEG2,yes,yes,0,2,90
2007,SCH,SEG20,no,no,157.0947,1,0
2007,SCH,SEG21,no,no,224.759,1,0
2007,SCH,SEG22,no,yes,107.8111,0,0
2007,SCH,SEG23,no,yes,0,2,0
2007,SCH,SEG24,no,no,0,1,0
2007,SCH,SEG25,no,yes,0,2,0
2007,SCH,SEG26,no,no,0,2,0
2007,SCH,SEG27,no,yes,0,1,0
2007,SCH,SEG28,no,no,0,1,0
2007,SCH,SEG29,no,no,0,0,0
2007,SCH,SEG3,yes,yes,55.7237,2,120
2007,SCH,SEG30,no,no,0,2,0
2007,SCH,SEG31,no,yes,0,2,0
2007,SCH,SEG32,no,yes,0,2,0
2007,SCH,SEG33,no,yes,262.1787,1,56.6523
2007,SCH,SEG34,no,no,136.268,1,55.9785
2007,SCH,SEG35,no,yes,136.268,1,57.1508
2007,SCH,SEG36,no,no,321.9512,2,0
2007,SCH,SEG37,no,yes,1021.4758,0,0
2007,SCH,SEG38,no,yes,1428.6145,1,0
2007,SCH,SEG39,no,yes,0,3,62
2007,SCH,SEG4,yes,yes,28,1,0
2007,SCH,SEG40,no,no,815.8724,0,0
2007,SCH,SEG41,no,no,804.5623,0,0
2007,SCH,SEG42,no,yes,1037.5114,0,5.2495
2007,SCH,SEG43,no,yes,259.2593,0,9.4713
2007,SCH,SEG44,no,no,132,0,2.6596
2007,SCH,SEG45,no,no,198.5156,0,0
2007,SCH,SEG46,no,yes,91.6168,2,0
2007,SCH,SEG47,no,no,170.4167,2,0
2007,SCH,SEG48,no,no,141.4597,1,0
2007,SCH,SEG49,no,no,595.4036,2,0
2007,SCH,SEG5,yes,yes,27.9888,1,0
2007,SCH,SEG50,no,yes,671.7477,1,0
2007,SCH,SEG6,yes,yes,0,2,0
2007,SCH,SEG7,yes,yes,122.3103,0,0
2007,SCH,SEG8,yes,yes,28,0,0
2007,SCH,SEG9,yes,yes,141.4597,1,0
2008,ALB,AEG1,yes,yes,0,2,35
2008,ALB,AEG10,no,yes,0,1,0
2008,ALB,AEG11,no,no,0,3,35
2008,ALB,AEG12,no,no,0,2,35
2008,ALB,AEG13,no,no,0,2,35
2008,ALB,AEG14,no,no,0,2,112.4
2008,ALB,AEG15,no,yes,0,3,178
2008,ALB,AEG16,no,no,16.2196,2,47.6
2008,ALB,AEG17,no,no,0,3,96.25
2008,ALB,AEG18,no,yes,0,3,112.4
2008,ALB,AEG19,no,no,1000.1949,1,50
2008,ALB,AEG2,yes,yes,0,3,166.75
2008,ALB,AEG20,no,yes,316.4384,0,50
2008,ALB,AEG21,no,yes,1135.8362,0,151.2
2008,ALB,AEG22,no,yes,0,1,0
2008,ALB,AEG23,no,no,0,2,0
2008,ALB,AEG24,no,no,132.9787,2,81.3
2008,ALB,AEG25,no,no,54.6691,0,0
2008,ALB,AEG26,no,yes,257.1429,0,0
2008,ALB,AEG27,no,no,217.1946,0,0
2008,ALB,AEG28,no,no,59.2629,0,0
2008,ALB,AEG29,no,no,50.3683,1,98
2008,ALB,AEG3,yes,yes,0,3,77
2008,ALB,AEG30,no,yes,124.0876,0,0
2008,ALB,AEG31,no,yes,59.5794,0,0
2008,ALB,AEG32,no,no,41.2621,0,0
2008,ALB,AEG33,no,yes,323.4153,0,0
2008,ALB,AEG34,no,no,128.7879,0,0
2008,ALB,AEG35,no,no,0,2,35
2008,ALB,AEG36,no,no,0,2,35
2008,ALB,AEG37,no,no,0,2,35
2008,ALB,AEG38,no,yes,0,2,0
2008,ALB,AEG39,no,yes,0,2,35
2008,ALB,AEG4,yes,yes,106.6059,1,35
2008,ALB,AEG40,no,no,0,3,50.4
2008,ALB,AEG41,no,no,0,2,123.25
2008,ALB,AEG42,no,no,354.3307,1,77
2008,ALB,AEG43,no,no,214.2857,1,69.3
2008,ALB,AEG44,no,yes,517.2414,0,0
2008,ALB,AEG45,no,yes,0,2,0
2008,ALB,AEG46,no,yes,286.7647,0,0
2008,ALB,AEG47,no,no,41.0156,0,0
2008,ALB,AEG48,no,no,62.5,0,0
2008,ALB,AEG49,no,yes,153.1532,0,0
2008,ALB,AEG5,yes,yes,123.5294,1,50
2008,ALB,AEG50,no,no,0,2,50.274
2008,ALB,AEG6,yes,yes,687.1875,1,50
2008,ALB,AEG7,yes,yes,26.3736,0,0
2008,ALB,AEG8,yes,yes,103.7037,1,0
2008,ALB,AEG9,yes,yes,38.7409,0,0
2008,HAI,HEG1,yes,yes,49.9044,2,139.31
2008,HAI,HEG10,no,yes,0,2,25.2
2008,HAI,HEG11,no,yes,0,2,25.2
2008,HAI,HEG12,no,no,450,0,50
2008,HAI,HEG13,no,no,50.5618,3,0
2008,HAI,HEG14,no,no,182.1145,1,173.82
2008,HAI,HEG15,no,no,45.2586,1,60
2008,HAI,HEG16,no,no,113.3208,0,0
2008,HAI,HEG17,no,no,47.9423,1,0
2008,HAI,HEG18,no,no,85.9301,0,0
2008,HAI,HEG19,no,no,47.9423,0,0
2008,HAI,HEG2,yes,yes,0,3,60
2008,HAI,HEG20,no,yes,54.8457,0,0
2008,HAI,HEG21,no,yes,33.6078,0,0
2008,HAI,HEG22,no,no,44.4162,2,0
2008,HAI,HEG23,no,no,181.25,1,0
2008,HAI,HEG24,no,no,215.1378,1,0
2008,HAI,HEG25,no,no,401.2739,2,0
2008,HAI,HEG26,no,yes,0,1,25.2
2008,HAI,HEG27,no,yes,0,1,60
2008,HAI,HEG28,no,yes,0,2,95
2008,HAI,HEG29,no,no,70.1671,1,27
2008,HAI,HEG3,yes,yes,0,3,60
2008,HAI,HEG30,no,yes,0,3,80
2008,HAI,HEG31,no,no,119.1421,1,50
2008,HAI,HEG32,no,no,103.8781,1,50
2008,HAI,HEG33,no,yes,138.3665,2,27
2008,HAI,HEG34,no,no,9.2756,1,110
2008,HAI,HEG35,no,no,19.5531,1,110
2008,HAI,HEG36,no,no,173.6441,1,60
2008,HAI,HEG37,no,yes,181.3274,1,60
2008,HAI,HEG38,no,no,272,1,0
2008,HAI,HEG39,no,no,338.8325,0,0
2008,HAI,HEG4,yes,yes,132.8063,3,27
2008,HAI,HEG40,no,yes,42.7344,0,0
2008,HAI,HEG41,no,no,54.8457,0,0
2008,HAI,HEG42,no,yes,47.9423,0,0
2008,HAI,HEG43,no,yes,87.6099,0,0
2008,HAI,HEG44,no,yes,113.2802,0,0
2008,HAI,HEG45,no,no,17.7074,0,0
2008,HAI,HEG46,no,no,21.7329,0,0
2008,HAI,HEG47,no,no,102.2727,1,0
2008,HAI,HEG48,no,yes,258.7973,1,0
2008,HAI,HEG49,no,no,34.9965,1,89.6
2008,HAI,HEG5,yes,yes,72.9825,3,80
2008,HAI,HEG50,no,yes,0,1,156.8
2008,HAI,HEG6,yes,yes,9.2756,1,110
2008,HAI,HEG7,yes,yes,328.8511,1,25.2
2008,HAI,HEG8,yes,yes,328.8511,1,25.2
2008,HAI,HEG9,yes,yes,71.4286,0,0
2008,SCH,SEG1,yes,yes,0,3,99
2008,SCH,SEG10,no,no,38.4539,2,45
2008,SCH,SEG11,no,no,38.4539,2,45
2008,SCH,SEG12,no,no,0,3,99
2008,SCH,SEG13,no,no,53.9007,2,83
2008,SCH,SEG14,no,no,0,1,0
2008,SCH,SEG15,no,no,0,1,0
2008,SCH,SEG16,no,no,0,1,0
2008,SCH,SEG17,no,no,62.6881,1,0
2008,SCH,SEG18,no,yes,0,2,0
2008,SCH,SEG19,no,no,0,1,0
2008,SCH,SEG2,yes,yes,21.7778,2,45
2008,SCH,SEG20,no,no,167.5789,0,0
2008,SCH,SEG21,no,no,529.1566,0,0
2008,SCH,SEG22,no,yes,148.7971,0,0
2008,SCH,SEG23,no,yes,0,2,0
2008,SCH,SEG24,no,no,0,2,0
2008,SCH,SEG25,no,yes,0,2,0
2008,SCH,SEG26,no,no,0,1,0
2008,SCH,SEG27,no,yes,0,1,0
2008,SCH,SEG28,no,no,0,2,0
2008,SCH,SEG29,no,no,0,1,0
2008,SCH,SEG3,yes,yes,38.4539,2,45
2008,SCH,SEG30,no,no,0,1,0
2008,SCH,SEG31,no,yes,0,1,0
2008,SCH,SEG32,no,yes,0,1,0
2008,SCH,SEG33,no,yes,230.967,0,0
2008,SCH,SEG34,no,no,124.928,1,125
2008,SCH,SEG35,no,yes,124.928,1,125
2008,SCH,SEG36,no,no,494.8933,0,0
2008,SCH,SEG37,no,yes,205.0661,0,0
2008,SCH,SEG38,no,yes,447.8313,0,0
2008,SCH,SEG39,no,yes,0,1,0
2008,SCH,SEG4,yes,yes,0,1,0
2008,SCH,SEG40,no,no,382.9001,0,0
2008,SCH,SEG41,no,no,407.4969,0,0
2008,SCH,SEG42,no,yes,767.3193,0,16.352
2008,SCH,SEG43,no,yes,333.4568,0,0
2008,SCH,SEG44,no,no,296,0,0
2008,SCH,SEG45,no,no,104.0625,0,0
2008,SCH,SEG46,no,yes,170.6587,2,0
2008,SCH,SEG47,no,no,179.7619,0,0
2008,SCH,SEG48,no,no,103.5071,1,0
2008,SCH,SEG49,no,no,316.0494,0,0
2008,SCH,SEG5,yes,yes,0,1,0
2008,SCH,SEG50,no,yes,80.657,0,0
2008,SCH,SEG6,yes,yes,31.3441,1,0
2008,SCH,SEG7,yes,yes,484.6154,0,0
2008,SCH,SEG8,yes,yes,0,2,0
2008,SCH,SEG9,yes,yes,103.5071,1,0
2009,ALB,AEG1,yes,yes,0,2,40
2009,ALB,AEG10,no,yes,0,1,0
2009,ALB,AEG11,no,no,0,3,33
2009,ALB,AEG12,no,no,0,2,54.4
2009,ALB,AEG13,no,no,0,2,54.4
2009,ALB,AEG14,no,no,0,2,109.7
2009,ALB,AEG15,no,yes,0,3,154
2009,ALB,AEG16,no,no,106.5502,1,36.4
2009,ALB,AEG17,no,no,0,2,96.25
2009,ALB,AEG18,no,yes,0,2,109.7
2009,ALB,AEG19,no,no,487.8363,0,45
2009,ALB,AEG2,yes,yes,0,3,285.625
2009,ALB,AEG20,no,yes,191.7808,0,0
2009,ALB,AEG21,no,yes,893.0375,0,135.52
2009,ALB,AEG22,no,yes,41.3223,1,0
2009,ALB,AEG23,no,no,0,2,0
2009,ALB,AEG24,no,no,199.4681,2,81.3
2009,ALB,AEG25,no,no,99.9547,0,0
2009,ALB,AEG26,no,yes,298.7143,0,0
2009,ALB,AEG27,no,no,124.4344,0,0
2009,ALB,AEG28,no,no,59.2629,0,0
2009,ALB,AEG29,no,no,76.1473,1,98
2009,ALB,AEG3,yes,yes,0,2,77
2009,ALB,AEG30,no,yes,248.1752,1,0
2009,ALB,AEG31,no,yes,99.2991,1,0
2009,ALB,AEG32,no,no,41.2621,0,0
2009,ALB,AEG33,no,yes,109.9612,0,0
2009,ALB,AEG34,no,no,128.7879,0,0
2009,ALB,AEG35,no,no,0,2,35
2009,ALB,AEG36,no,no,0,2,33
2009,ALB,AEG37,no,no,0,2,58.6
2009,ALB,AEG38,no,yes,0,2,0
2009,ALB,AEG39,no,yes,0,2,58.6
2009,ALB,AEG4,yes,yes,57.4032,1,35
2009,ALB,AEG40,no,no,318.1818,1,48.16
2009,ALB,AEG41,no,no,0,2,120.4
2009,ALB,AEG42,no,no,226.7717,0,77
2009,ALB,AEG43,no,no,214.2857,1,65.45
2009,ALB,AEG44,no,yes,558.6207,0,0
2009,ALB,AEG45,no,yes,0,2,0
2009,ALB,AEG46,no,yes,458.8235,0,0
2009,ALB,AEG47,no,no,54.6875,0,0
2009,ALB,AEG48,no,no,57.2917,0,0
2009,ALB,AEG49,no,yes,153.1532,0,0
2009,ALB,AEG5,yes,yes,63.2353,1,45
2009,ALB,AEG50,no,no,0,2,52.92
2009,ALB,AEG6,yes,yes,186.1562,1,45
2009,ALB,AEG7,yes,yes,45.956,0,0
2009,ALB,AEG8,yes,yes,148.1481,1,0
2009,ALB,AEG9,yes,yes,35.5125,0,0
2009,HAI,HEG1,yes,yes,0,3,258.2
2009,HAI,HEG10,no,yes,0,1,0
2009,HAI,HEG11,no,yes,0,1,0
2009,HAI,HEG12,no,no,1401,0,64
2009,HAI,HEG13,no,no,90.3198,2,0
2009,HAI,HEG14,no,no,18.3554,1,157.56
2009,HAI,HEG15,no,no,58.4795,1,54
2009,HAI,HEG16,no,no,224.25,0,0
2009,HAI,HEG17,no,no,69.7568,0,0
2009,HAI,HEG18,no,no,71.2758,0,0
2009,HAI,HEG19,no,no,69.7568,0,0
2009,HAI,HEG2,yes,yes,30.2572,3,162
2009,HAI,HEG20,no,yes,75.0234,0,0
2009,HAI,HEG21,no,yes,92.2623,0,0
2009,HAI,HEG22,no,no,44.4162,1,0
2009,HAI,HEG23,no,no,68.1818,1,0
2009,HAI,HEG24,no,no,63.1579,2,0
2009,HAI,HEG25,no,no,63.6943,1,0
2009,HAI,HEG26,no,yes,0,1,0
2009,HAI,HEG27,no,yes,0,1,62
2009,HAI,HEG28,no,yes,0,2,108
2009,HAI,HEG29,no,no,0,2,108
2009,HAI,HEG3,yes,yes,30.2572,3,162
2009,HAI,HEG30,no,yes,0,3,110
2009,HAI,HEG31,no,no,36.193,1,45
2009,HAI,HEG32,no,no,207.7562,1,62
2009,HAI,HEG33,no,yes,127.3164,1,108
2009,HAI,HEG34,no,no,59.364,1,110
2009,HAI,HEG35,no,no,44.6369,2,110
2009,HAI,HEG36,no,no,41.25,2,60
2009,HAI,HEG37,no,yes,52.1492,2,70
2009,HAI,HEG38,no,no,560.404,1,0
2009,HAI,HEG39,no,no,29.2386,0,0
2009,HAI,HEG4,yes,yes,124.5059,2,108
2009,HAI,HEG40,no,yes,677.3058,0,0
2009,HAI,HEG41,no,no,75.0234,0,0
2009,HAI,HEG42,no,yes,69.7568,0,0
2009,HAI,HEG43,no,yes,89.9281,0,0
2009,HAI,HEG44,no,yes,55.7998,0,0
2009,HAI,HEG45,no,no,109.1358,0,0
2009,HAI,HEG46,no,no,97.5,0,0
2009,HAI,HEG47,no,no,164.4028,1,0
2009,HAI,HEG48,no,yes,0,1,0
2009,HAI,HEG49,no,no,0,1,67.2
2009,HAI,HEG5,yes,yes,121.6374,3,120
2009,HAI,HEG50,no,yes,82.8571,1,134.4
2009,HAI,HEG6,yes,yes,59.364,1,110
2009,HAI,HEG7,yes,yes,294.4068,1,0
2009,HAI,HEG8,yes,yes,185.8509,1,0
2009,HAI,HEG9,yes,yes,80.1429,0,0
2009,SCH,SEG1,yes,yes,0,2,115
2009,SCH,SEG10,no,no,112.5987,1,115
2009,SCH,SEG11,no,no,112.5987,1,115
2009,SCH,SEG12,no,no,0,2,115
2009,SCH,SEG13,no,no,0,2,0
2009,SCH,SEG14,no,no,108.1818,1,0
2009,SCH,SEG15,no,no,0,1,0
2009,SCH,SEG16,no,no,0,1,0
2009,SCH,SEG17,no,no,168.5402,1,0
2009,SCH,SEG18,no,yes,0,2,0
2009,SCH,SEG19,no,no,212.4863,0,0
2009,SCH,SEG2,yes,yes,26.4444,2,115
2009,SCH,SEG20,no,no,59.1158,1,0
2009,SCH,SEG21,no,no,263.1325,0,0
2009,SCH,SEG22,no,yes,304.2667,0,0
2009,SCH,SEG23,no,yes,0,3,19.25
2009,SCH,SEG24,no,no,0,1,0
2009,SCH,SEG25,no,yes,0,2,0
2009,SCH,SEG26,no,no,0,3,19.25
2009,SCH,SEG27,no,yes,0,1,0
2009,SCH,SEG28,no,no,0,1,0
2009,SCH,SEG29,no,no,0,1,0
2009,SCH,SEG3,yes,yes,112.5987,1,115
2009,SCH,SEG30,no,no,0,2,0
2009,SCH,SEG31,no,yes,0,2,0
2009,SCH,SEG32,no,yes,0,2,0
2009,SCH,SEG33,no,yes,312.4847,1,0
2009,SCH,SEG34,no,no,152.2566,1,0
2009,SCH,SEG35,no,yes,131.6571,1,0
2009,SCH,SEG36,no,no,477.0274,1,0
2009,SCH,SEG37,no,yes,334.8018,0,0
2009,SCH,SEG38,no,yes,170.7831,1,0
2009,SCH,SEG39,no,yes,57.5996,1,0
2009,SCH,SEG4,yes,yes,0,1,0
2009,SCH,SEG40,no,no,818.5199,0,0
2009,SCH,SEG41,no,no,0,1,0
2009,SCH,SEG42,no,yes,816.505,0,12.264
2009,SCH,SEG43,no,yes,383.6214,0,20.832
2009,SCH,SEG44,no,no,358.1333,0,0
2009,SCH,SEG45,no,no,227.125,0,0
2009,SCH,SEG46,no,yes,353.0539,0,0
2009,SCH,SEG47,no,no,205.6293,0,0
2009,SCH,SEG48,no,no,597.1875,0,0
2009,SCH,SEG49,no,no,432.6,0,0
2009,SCH,SEG5,yes,yes,0,1,0
2009,SCH,SEG50,no,yes,141.7293,0,0
2009,SCH,SEG6,yes,yes,329.4107,0,0
2009,SCH,SEG7,yes,yes,366.1538,0,0
2009,SCH,SEG8,yes,yes,0,2,0
2009,SCH,SEG9,yes,yes,546,0,0
2010,ALB,AEG1,yes,yes,0,2,103.6
2010,ALB,AEG10,no,yes,0,1,0
2010,ALB,AEG11,no,no,0,3,68.52
2010,ALB,AEG12,no,no,0,2,125.65
2010,ALB,AEG13,no,no,0,2,125.65
2010,ALB,AEG14,no,no,0,2,102
2010,ALB,AEG15,no,yes,0,3,186.9
2010,ALB,AEG16,no,no,83.6681,2,36.4
2010,ALB,AEG17,no,no,0,2,96.25
2010,ALB,AEG18,no,yes,0,2,97
2010,ALB,AEG19,no,no,65.1309,1,35
2010,ALB,AEG2,yes,yes,0,3,239
2010,ALB,AEG20,no,yes,350,0,0
2010,ALB,AEG21,no,yes,1225.5973,1,154.91
2010,ALB,AEG22,no,yes,35.124,1,0
2010,ALB,AEG23,no,no,0,1,0
2010,ALB,AEG24,no,no,163.8298,2,81.3
2010,ALB,AEG25,no,no,61.8767,0,0
2010,ALB,AEG26,no,yes,350,0,0
2010,ALB,AEG27,no,no,152.5339,0,0
2010,ALB,AEG28,no,no,73.1076,0,0
2010,ALB,AEG29,no,no,66.034,1,98
2010,ALB,AEG3,yes,yes,0,2,77
2010,ALB,AEG30,no,yes,254.0146,1,0
2010,ALB,AEG31,no,yes,317.5182,1,0
2010,ALB,AEG32,no,no,59.57,0,0
2010,ALB,AEG33,no,yes,185.9638,0,0
2010,ALB,AEG34,no,no,111.2121,0,0
2010,ALB,AEG35,no,no,0,2,64.6
2010,ALB,AEG36,no,no,0,2,68.52
2010,ALB,AEG37,no,no,0,2,60.2
2010,ALB,AEG38,no,yes,0,2,0
2010,ALB,AEG39,no,yes,0,2,60.2
2010,ALB,AEG4,yes,yes,47.3804,1,35
2010,ALB,AEG40,no,no,0,3,50.96
2010,ALB,AEG41,no,no,25.974,2,121.8
2010,ALB,AEG42,no,no,85.0394,2,77
2010,ALB,AEG43,no,no,150.2857,0,57.75
2010,ALB,AEG44,no,yes,504.3103,0,0
2010,ALB,AEG45,no,yes,0,2,0
2010,ALB,AEG46,no,yes,292.5,0,0
2010,ALB,AEG47,no,no,69.2708,0,0
2010,ALB,AEG48,no,no,59.0885,0,0
2010,ALB,AEG49,no,yes,116.5766,0,0
2010,ALB,AEG5,yes,yes,36.9485,1,35
2010,ALB,AEG50,no,no,0,2,110.152
2010,ALB,AEG6,yes,yes,128.1229,1,35
2010,ALB,AEG7,yes,yes,42.8571,0,0
2010,ALB,AEG8,yes,yes,118.5185,1,0
2010,ALB,AEG9,yes,yes,85.5044,0,0
2010,HAI,HEG1,yes,yes,0,2,150
2010,HAI,HEG10,no,yes,99.2908,1,80.64
2010,HAI,HEG11,no,yes,57.377,1,80.64
2010,HAI,HEG12,no,no,1143,0,40
2010,HAI,HEG13,no,no,40.0265,2,0
2010,HAI,HEG14,no,no,19.8238,2,147.804
2010,HAI,HEG15,no,no,38.674,1,75
2010,HAI,HEG16,no,no,163.5772,0,0
2010,HAI,HEG17,no,no,63.9184,0,0
2010,HAI,HEG18,no,no,70.5631,0,0
2010,HAI,HEG19,no,no,63.9184,0,0
2010,HAI,HEG2,yes,yes,0,3,150
2010,HAI,HEG20,no,yes,15.6692,0,0
2010,HAI,HEG21,no,yes,39.5734,0,0
2010,HAI,HEG22,no,no,18.7397,2,0
2010,HAI,HEG23,no,no,62.2799,1,0
2010,HAI,HEG24,no,no,109.5477,1,0
2010,HAI,HEG25,no,no,333.6585,0,0
2010,HAI,HEG26,no,yes,0,2,0
2010,HAI,HEG27,no,yes,0,1,60
2010,HAI,HEG28,no,yes,0,1,81
2010,HAI,HEG29,no,no,0,1,81
2010,HAI,HEG3,yes,yes,0,3,150
2010,HAI,HEG30,no,yes,0,3,70
2010,HAI,HEG31,no,no,104.1149,1,121
2010,HAI,HEG32,no,no,158.3102,1,60
2010,HAI,HEG33,no,yes,139.849,1,81
2010,HAI,HEG34,no,no,106.6961,1,132
2010,HAI,HEG35,no,no,106.8156,1,132
2010,HAI,HEG36,no,no,69.6284,1,98
2010,HAI,HEG37,no,yes,69.6284,1,108
2010,HAI,HEG38,no,no,185.4545,1,0
2010,HAI,HEG39,no,no,164.7348,0,0
2010,HAI,HEG4,yes,yes,179.8287,1,81
2010,HAI,HEG40,no,yes,454.2902,0,0
2010,HAI,HEG41,no,no,15.6692,0,0
2010,HAI,HEG42,no,yes,63.9184,0,0
2010,HAI,HEG43,no,yes,101.4185,1,0
2010,HAI,HEG44,no,yes,61.3767,0,0
2010,HAI,HEG45,no,no,76.8441,0,0
2010,HAI,HEG46,no,no,80.6137,0,0
2010,HAI,HEG47,no,no,140.9091,2,0
2010,HAI,HEG48,no,yes,214.6437,1,0
2010,HAI,HEG49,no,no,16.2895,2,67.2
2010,HAI,HEG5,yes,yes,149.1228,3,90
2010,HAI,HEG50,no,yes,26.4151,1,67.2
2010,HAI,HEG6,yes,yes,106.6961,1,132
2010,HAI,HEG7,yes,yes,35.98,0,0
2010,HAI,HEG8,yes,yes,35.98,0,0
2010,HAI,HEG9,yes,yes,59.4571,0,0
2010,SCH,SEG1,yes,yes,0,3,50
2010,SCH,SEG10,no,no,0,2,50
2010,SCH,SEG11,no,no,0,2,50
2010,SCH,SEG12,no,no,0,3,50
2010,SCH,SEG13,no,no,0,2,0
2010,SCH,SEG14,no,no,123.8788,0,0
2010,SCH,SEG15,no,no,0,2,0
2010,SCH,SEG16,no,no,0,1,0
2010,SCH,SEG17,no,no,243.4195,0,0
2010,SCH,SEG18,no,yes,0,2,0
2010,SCH,SEG19,no,no,70.9748,1,0
2010,SCH,SEG2,yes,yes,88.8696,1,50
2010,SCH,SEG20,no,no,164.7491,1,0
2010,SCH,SEG21,no,no,271.0843,0,0
2010,SCH,SEG22,no,yes,974.4,0,0
2010,SCH,SEG23,no,yes,0,2,38.5
2010,SCH,SEG24,no,no,0,1,0
2010,SCH,SEG25,no,yes,0,2,0
2010,SCH,SEG26,no,no,0,2,38.5
2010,SCH,SEG27,no,yes,0,1,0
2010,SCH,SEG28,no,no,0,1,0
2010,SCH,SEG29,no,no,0,1,0
2010,SCH,SEG3,yes,yes,0,2,50
2010,SCH,SEG30,no,no,0,2,0
2010,SCH,SEG31,no,yes,0,2,0
2010,SCH,SEG32,no,yes,0,2,0
2010,SCH,SEG33,no,yes,324.7124,0,0
2010,SCH,SEG34,no,no,151.3097,0,40.32
2010,SCH,SEG35,no,yes,35.7143,1,40.32
2010,SCH,SEG36,no,no,344.4055,0,0
2010,SCH,SEG37,no,yes,156.3436,1,0
2010,SCH,SEG38,no,yes,259.25,1,0
2010,SCH,SEG39,no,yes,175.5553,1,0
2010,SCH,SEG4,yes,yes,0,1,0
2010,SCH,SEG40,no,no,559.6811,0,0
2010,SCH,SEG41,no,no,361.7756,0,0
2010,SCH,SEG42,no,yes,801.3175,0,12.264
2010,SCH,SEG43,no,yes,540.8076,0,15.624
2010,SCH,SEG44,no,no,107.3333,0,0
2010,SCH,SEG45,no,no,226.4062,0,0
2010,SCH,SEG46,no,yes,581.8263,0,0
2010,SCH,SEG47,no,no,598.8198,1,0
2010,SCH,SEG48,no,no,459.6719,0,0
2010,SCH,SEG49,no,no,421.5,0,0
2010,SCH,SEG5,yes,yes,0,2,0
2010,SCH,SEG50,no,yes,187.2947,0,0
2010,SCH,SEG6,yes,yes,413.3482,0,0
2010,SCH,SEG7,yes,yes,471.6923,0,0
2010,SCH,SEG8,yes,yes,0,1,0
2010,SCH,SEG9,yes,yes,162.6857,0,0
2011,ALB,AEG1,yes,yes,0,2,96.45
2011,ALB,AEG10,no,yes,0,1,0
2011,ALB,AEG11,no,no,0,3,77.04
2011,ALB,AEG12,no,no,0,2,147.9
2011,ALB,AEG13,no,no,0,2,147.9
2011,ALB,AEG14,no,no,0,2,88.2
2011,ALB,AEG15,no,yes,0,3,119
2011,ALB,AEG16,no,no,108.3656,1,28
2011,ALB,AEG17,no,no,0,2,38.5
2011,ALB,AEG18,no,yes,0,2,88.2
2011,ALB,AEG19,no,no,132.6068,1,45
2011,ALB,AEG2,yes,yes,0,3,239
2011,ALB,AEG20,no,yes,157.1429,0,0
2011,ALB,AEG21,no,yes,904.069,0,119.7
2011,ALB,AEG22,no,yes,35.124,1,0
2011,ALB,AEG23,no,no,0,2,38.5
2011,ALB,AEG24,no,no,116.5985,2,81.3
2011,ALB,AEG25,no,no,46.9175,0,0
2011,ALB,AEG26,no,yes,321.4286,0,0
2011,ALB,AEG27,no,no,126.6968,0,0
2011,ALB,AEG28,no,no,108.008,0,0
2011,ALB,AEG29,no,no,209.1433,1,68.6
2011,ALB,AEG3,yes,yes,0,2,38.5
2011,ALB,AEG30,no,yes,218.9781,1,0
2011,ALB,AEG31,no,yes,147.1963,1,0
2011,ALB,AEG32,no,no,64.9445,0,0
2011,ALB,AEG33,no,yes,169.793,0,0
2011,ALB,AEG34,no,no,213.4242,1,0
2011,ALB,AEG35,no,no,0,2,44.7
2011,ALB,AEG36,no,no,0,2,47.64
2011,ALB,AEG37,no,no,0,3,70.2
2011,ALB,AEG38,no,yes,0,2,17.92
2011,ALB,AEG39,no,yes,0,3,99.6
2011,ALB,AEG4,yes,yes,76.9932,1,74.4
2011,ALB,AEG40,no,no,0,3,112.99
2011,ALB,AEG41,no,no,0,3,200.2
2011,ALB,AEG42,no,no,82.6772,2,77
2011,ALB,AEG43,no,no,201.4286,0,0
2011,ALB,AEG44,no,yes,194.8276,0,0
2011,ALB,AEG45,no,yes,0,3,0
2011,ALB,AEG46,no,yes,283.3456,0,0
2011,ALB,AEG47,no,no,75.5208,0,0
2011,ALB,AEG48,no,no,58.724,0,0
2011,ALB,AEG49,no,yes,169.3694,0,0
2011,ALB,AEG5,yes,yes,112.5189,1,74.4
2011,ALB,AEG50,no,no,0,2,104.076
2011,ALB,AEG6,yes,yes,134.3114,1,45
2011,ALB,AEG7,yes,yes,28.1319,0,0
2011,ALB,AEG8,yes,yes,75.3086,1,0
2011,ALB,AEG9,yes,yes,76.9976,0,0
2011,HAI,HEG1,yes,yes,0,3,202
2011,HAI,HEG10,no,yes,133.8403,1,60.48
2011,HAI,HEG11,no,yes,58.7248,1,60.48
2011,HAI,HEG12,no,no,1010,0,0
2011,HAI,HEG13,no,no,48.8418,3,0
2011,HAI,HEG14,no,no,0,1,138.048
2011,HAI,HEG15,no,no,38.6202,2,249.15
2011,HAI,HEG16,no,no,231.0264,0,0
2011,HAI,HEG17,no,no,54.8189,0,0
2011,HAI,HEG18,no,no,58.268,0,0
2011,HAI,HEG19,no,no,54.8189,0,0
2011,HAI,HEG2,yes,yes,32.4777,3,136
2011,HAI,HEG20,no,yes,233.8863,0,0
2011,HAI,HEG21,no,yes,77.3636,0,0
2011,HAI,HEG22,no,no,34.2466,2,0
2011,HAI,HEG23,no,no,224.5619,2,0
2011,HAI,HEG24,no,no,317.2111,2,0
2011,HAI,HEG25,no,no,81.3008,1,0
2011,HAI,HEG26,no,yes,0,1,44.8
2011,HAI,HEG27,no,yes,0,2,70
2011,HAI,HEG28,no,yes,0,2,81
2011,HAI,HEG29,no,no,0,2,81
2011,HAI,HEG3,yes,yes,32.4777,3,136
2011,HAI,HEG30,no,yes,0,2,111
2011,HAI,HEG31,no,no,56.8907,2,73.6
2011,HAI,HEG32,no,no,132.964,1,60
2011,HAI,HEG33,no,yes,164.8113,1,108
2011,HAI,HEG34,no,no,26.5018,2,0
2011,HAI,HEG35,no,no,128.4916,1,0
2011,HAI,HEG36,no,no,11.6705,2,242.9
2011,HAI,HEG37,no,yes,11.6705,2,171.7
2011,HAI,HEG38,no,no,375.1261,0,0
2011,HAI,HEG39,no,no,113.6066,1,0
2011,HAI,HEG4,yes,yes,193.0435,2,108
2011,HAI,HEG40,no,yes,308.7988,0,0
2011,HAI,HEG41,no,no,233.8863,0,0
2011,HAI,HEG42,no,yes,54.8189,0,0
2011,HAI,HEG43,no,yes,80.3357,0,0
2011,HAI,HEG44,no,yes,88.1317,0,0
2011,HAI,HEG45,no,no,65.6705,0,0
2011,HAI,HEG46,no,no,161.0764,0,0
2011,HAI,HEG47,no,no,210.7728,1,0
2011,HAI,HEG48,no,yes,40,1,0
2011,HAI,HEG49,no,no,0,2,44.8
2011,HAI,HEG5,yes,yes,140.3509,2,201
2011,HAI,HEG50,no,yes,38.484,1,0
2011,HAI,HEG6,yes,yes,26.5018,2,0
2011,HAI,HEG7,yes,yes,757.0823,1,0
2011,HAI,HEG8,yes,yes,254.1188,0,0
2011,HAI,HEG9,yes,yes,74.2857,0,0
2011,SCH,SEG1,yes,yes,0,2,80
2011,SCH,SEG10,no,no,0,2,80
2011,SCH,SEG11,no,no,0,2,80
2011,SCH,SEG12,no,no,0,2,80
2011,SCH,SEG13,no,no,127.6241,2,0
2011,SCH,SEG14,no,no,130.1818,0,0
2011,SCH,SEG15,no,no,0,2,0
2011,SCH,SEG16,no,no,263.0129,1,0
2011,SCH,SEG17,no,no,93.9433,1,0
2011,SCH,SEG18,no,yes,0,2,0
2011,SCH,SEG19,no,no,253.6543,0,0
2011,SCH,SEG2,yes,yes,32,1,80
2011,SCH,SEG20,no,no,437.632,0,0
2011,SCH,SEG21,no,no,256.6585,0,0
2011,SCH,SEG22,no,yes,505.4667,0,0
2011,SCH,SEG23,no,yes,0,2,44.9295
2011,SCH,SEG24,no,no,0,1,0
2011,SCH,SEG25,no,yes,0,2,0
2011,SCH,SEG26,no,no,0,1,44.9295
2011,SCH,SEG27,no,yes,0,1,0
2011,SCH,SEG28,no,no,0,1,0
2011,SCH,SEG29,no,no,0,1,0
2011,SCH,SEG3,yes,yes,198.3333,3,80
2011,SCH,SEG30,no,no,0,2,0
2011,SCH,SEG31,no,yes,0,2,0
2011,SCH,SEG32,no,yes,0,2,0
2011,SCH,SEG33,no,yes,245.1163,0,40.32
2011,SCH,SEG34,no,no,180.1487,0,70.56
2011,SCH,SEG35,no,yes,262.9171,0,70.56
2011,SCH,SEG36,no,no,197.8049,0,0
2011,SCH,SEG37,no,yes,578.1938,0,0
2011,SCH,SEG38,no,yes,423.6923,1,0
2011,SCH,SEG39,no,yes,105.9374,1,0
2011,SCH,SEG4,yes,yes,62.6573,1,0
2011,SCH,SEG40,no,no,714.4344,0,0
2011,SCH,SEG41,no,no,377.312,0,0
2011,SCH,SEG42,no,yes,784.8673,0,0
2011,SCH,SEG43,no,yes,598.0375,0,15.624
2011,SCH,SEG44,no,no,220,0,0
2011,SCH,SEG45,no,no,408.3036,0,0
2011,SCH,SEG46,no,yes,618.8955,0,0
2011,SCH,SEG47,no,no,393.9935,0,0
2011,SCH,SEG48,no,no,307.6106,0,0
2011,SCH,SEG49,no,no,255.0333,0,0
2011,SCH,SEG5,yes,yes,0,1,0
2011,SCH,SEG50,no,yes,281.2105,0,0
2011,SCH,SEG6,yes,yes,368.8751,0,0
2011,SCH,SEG7,yes,yes,615.3846,0,0
2011,SCH,SEG8,yes,yes,45.2148,1,0
2011,SCH,SEG9,yes,yes,508.1487,0,0
2012,ALB,AEG1,yes,yes,0,2,120.85
2012,ALB,AEG10,no,yes,0,1,0
2012,ALB,AEG11,no,no,0,3,99.09
2012,ALB,AEG12,no,no,0,3,142.9
2012,ALB,AEG13,no,no,0,2,142.9
2012,ALB,AEG14,no,no,0,2,126.6
2012,ALB,AEG15,no,yes,0,3,206
2012,ALB,AEG16,no,no,154.8846,1,26.6
2012,ALB,AEG17,no,no,0,2,38.5
2012,ALB,AEG18,no,yes,0,2,126.6
2012,ALB,AEG19,no,no,102.3075,1,40
2012,ALB,AEG2,yes,yes,0,3,188.25
2012,ALB,AEG20,no,yes,94.2857,0,0
2012,ALB,AEG21,no,yes,411.549,1,64.4
2012,ALB,AEG22,no,yes,35.124,1,0
2012,ALB,AEG23,no,no,0,2,38.5
2012,ALB,AEG24,no,no,143.6248,2,81.3
2012,ALB,AEG25,no,no,47.1442,0,0
2012,ALB,AEG26,no,yes,320,0,0
2012,ALB,AEG27,no,no,152.0362,0,0
2012,ALB,AEG28,no,no,282.4303,0,0
2012,ALB,AEG29,no,no,125.3452,1,36.75
2012,ALB,AEG3,yes,yes,33.8409,1,0
2012,ALB,AEG30,no,yes,277.3723,1,0
2012,ALB,AEG31,no,yes,200.9346,1,0
2012,ALB,AEG32,no,no,145.0381,0,0
2012,ALB,AEG33,no,yes,169.793,0,0
2012,ALB,AEG34,no,no,218.8485,1,0
2012,ALB,AEG35,no,no,0,3,44.7
2012,ALB,AEG36,no,no,28.5892,2,47.64
2012,ALB,AEG37,no,no,45.7252,2,69.4
2012,ALB,AEG38,no,yes,0,2,13.44
2012,ALB,AEG39,no,yes,0,2,91.45
2012,ALB,AEG4,yes,yes,168.7927,1,62.05
2012,ALB,AEG40,no,no,0,2,80.3
2012,ALB,AEG41,no,no,14.6382,2,192.5
2012,ALB,AEG42,no,no,137.7953,2,77
2012,ALB,AEG43,no,no,165,0,0
2012,ALB,AEG44,no,yes,241.3793,0,0
2012,ALB,AEG45,no,yes,0,3,0
2012,ALB,AEG46,no,yes,247.9779,0,0
2012,ALB,AEG47,no,no,76.0417,0,0
2012,ALB,AEG48,no,no,58.724,0,0
2012,ALB,AEG49,no,yes,205.4054,0,0
2012,ALB,AEG5,yes,yes,115.3269,1,62.05
2012,ALB,AEG50,no,no,0,2,100.45
2012,ALB,AEG6,yes,yes,76.3866,1,69.4
2012,ALB,AEG7,yes,yes,42.1429,0,0
2012,ALB,AEG8,yes,yes,70.3704,1,0
2012,ALB,AEG9,yes,yes,77.6513,0,0
2012,HAI,HEG1,yes,yes,30.4015,2,170
2012,HAI,HEG10,no,yes,19.7719,1,60.48
2012,HAI,HEG11,no,yes,0,1,60.48
2012,HAI,HEG12,no,no,1305,0,0
2012,HAI,HEG13,no,no,30.0199,3,0
2012,HAI,HEG14,no,no,26.7254,1,174.633
2012,HAI,HEG15,no,no,59.7234,2,159
2012,HAI,HEG16,no,no,134.2146,0,0
2012,HAI,HEG17,no,no,73.7265,0,0
2012,HAI,HEG18,no,no,98.2625,0,0
2012,HAI,HEG19,no,no,73.7265,0,0
2012,HAI,HEG2,yes,yes,22.001,1,145
2012,HAI,HEG20,no,yes,345.92,0,0
2012,HAI,HEG21,no,yes,110.9545,0,0
2012,HAI,HEG22,no,no,30.137,2,0
2012,HAI,HEG23,no,no,70.8763,1,0
2012,HAI,HEG24,no,no,128.6432,2,0
2012,HAI,HEG25,no,no,73.1707,1,0
2012,HAI,HEG26,no,yes,0,1,33.6
2012,HAI,HEG27,no,yes,0,2,60
2012,HAI,HEG28,no,yes,0,2,0
2012,HAI,HEG29,no,no,0,2,0
2012,HAI,HEG3,yes,yes,22.001,2,145
2012,HAI,HEG30,no,yes,0,2,185.5
2012,HAI,HEG31,no,no,60.7081,1,73.6
2012,HAI,HEG32,no,no,229.1884,1,60
2012,HAI,HEG33,no,yes,98.5861,1,0
2012,HAI,HEG34,no,no,50.3799,2,0
2012,HAI,HEG35,no,no,68.8268,1,0
2012,HAI,HEG36,no,no,46.1538,2,235.15
2012,HAI,HEG37,no,yes,46.1538,2,235.15
2012,HAI,HEG38,no,no,683.4043,0,0
2012,HAI,HEG39,no,no,123.9344,1,0
2012,HAI,HEG4,yes,yes,55.0725,2,0
2012,HAI,HEG40,no,yes,599.8596,0,0
2012,HAI,HEG41,no,no,345.92,0,0
2012,HAI,HEG42,no,yes,73.7265,0,0
2012,HAI,HEG43,no,yes,149.4005,1,0
2012,HAI,HEG44,no,yes,50.2185,1,0
2012,HAI,HEG45,no,no,97.2035,0,0
2012,HAI,HEG46,no,no,92.8819,0,0
2012,HAI,HEG47,no,no,84.3091,2,0
2012,HAI,HEG48,no,yes,25.679,2,0
2012,HAI,HEG49,no,no,0,1,33.6
2012,HAI,HEG5,yes,yes,249.3567,1,185.5
2012,HAI,HEG50,no,yes,23.8095,1,0
2012,HAI,HEG6,yes,yes,50.3799,2,0
2012,HAI,HEG7,yes,yes,427.845,0,0
2012,HAI,HEG8,yes,yes,94.636,0,0
2012,HAI,HEG9,yes,yes,46.6857,0,0
2012,SCH,SEG1,yes,yes,0,2,45
2012,SCH,SEG10,no,no,93.375,1,45
2012,SCH,SEG11,no,no,93.375,1,45
2012,SCH,SEG12,no,no,0,2,45
2012,SCH,SEG13,no,no,0,2,0
2012,SCH,SEG14,no,no,89.0909,1,0
2012,SCH,SEG15,no,no,17.561,2,0
2012,SCH,SEG16,no,no,732.9114,1,0
2012,SCH,SEG17,no,no,21.6092,2,0
2012,SCH,SEG18,no,yes,0,2,0
2012,SCH,SEG19,no,no,179.1466,1,0
2012,SCH,SEG2,yes,yes,102.7765,2,45
2012,SCH,SEG20,no,no,317.5536,0,0
2012,SCH,SEG21,no,no,286.9888,0,0
2012,SCH,SEG22,no,yes,494.4681,0,0
2012,SCH,SEG23,no,yes,0,3,77
2012,SCH,SEG24,no,no,0,1,0
2012,SCH,SEG25,no,yes,0,2,0
2012,SCH,SEG26,no,no,0,3,77
2012,SCH,SEG27,no,yes,0,1,0
2012,SCH,SEG28,no,no,0,2,0
2012,SCH,SEG29,no,no,0,1,0
2012,SCH,SEG3,yes,yes,0,2,45
2012,SCH,SEG30,no,no,0,2,0
2012,SCH,SEG31,no,yes,0,2,0
2012,SCH,SEG32,no,yes,0,2,0
2012,SCH,SEG33,no,yes,264.0586,0,70.56
2012,SCH,SEG34,no,no,236.0265,0,100.8
2012,SCH,SEG35,no,yes,190.6857,0,100.8
2012,SCH,SEG36,no,no,283.4451,0,0
2012,SCH,SEG37,no,yes,398.8656,0,0
2012,SCH,SEG38,no,yes,229.5211,1,0
2012,SCH,SEG39,no,yes,196.8456,0,0
2012,SCH,SEG4,yes,yes,131.8384,0,0
2012,SCH,SEG40,no,no,535.4046,0,0
2012,SCH,SEG41,no,no,213.1882,0,0
2012,SCH,SEG42,no,yes,1053.7477,0,12.544
2012,SCH,SEG43,no,yes,292.8513,0,0
2012,SCH,SEG44,no,no,302.1672,0,0
2012,SCH,SEG45,no,no,253.0892,0,0
2012,SCH,SEG46,no,yes,786.2459,0,0
2012,SCH,SEG47,no,no,456.4286,0,0
2012,SCH,SEG48,no,no,377.0597,0,0
2012,SCH,SEG49,no,no,365.8,0,0
2012,SCH,SEG5,yes,yes,182.7238,2,0
2012,SCH,SEG50,no,yes,68.6597,0,0
2012,SCH,SEG6,yes,yes,310.5357,0,0
2012,SCH,SEG7,yes,yes,588.2077,0,0
2012,SCH,SEG8,yes,yes,43.6019,2,38.5
2012,SCH,SEG9,yes,yes,623.7549,0,0
2013,ALB,AEG1,yes,yes,0,2,62.05
2013,ALB,AEG10,no,yes,0,1,0
2013,ALB,AEG11,no,no,0,3,74.1
2013,ALB,AEG12,no,no,0,2,113.5
2013,ALB,AEG13,no,no,0,2,113.5
2013,ALB,AEG14,no,no,0,2,113.4
2013,ALB,AEG15,no,yes,0,3,206
2013,ALB,AEG16,no,no,221.6469,1,35.35
2013,ALB,AEG17,no,no,0,2,19.25
2013,ALB,AEG18,no,yes,0,3,143.4
2013,ALB,AEG19,no,no,191.6055,0,40
2013,ALB,AEG2,yes,yes,0,2,96
2013,ALB,AEG20,no,yes,49.3151,0,0
2013,ALB,AEG21,no,yes,782.3763,0,82.88
2013,ALB,AEG22,no,yes,138.4298,1,0
2013,ALB,AEG23,no,no,0,2,30.8
2013,ALB,AEG24,no,no,223.6392,2,81.3
2013,ALB,AEG25,no,no,40.0136,0,0
2013,ALB,AEG26,no,yes,254.2857,0,0
2013,ALB,AEG27,no,no,156.5611,0,0
2013,ALB,AEG28,no,no,204.9801,0,0
2013,ALB,AEG29,no,no,167.6767,2,26.6
2013,ALB,AEG3,yes,yes,0,2,19.25
2013,ALB,AEG30,no,yes,321.1679,1,0
2013,ALB,AEG31,no,yes,190.4206,1,0
2013,ALB,AEG32,no,no,112.6214,0,0
2013,ALB,AEG33,no,yes,169.793,0,0
2013,ALB,AEG34,no,no,164.1818,1,0
2013,ALB,AEG35,no,no,0,2,40
2013,ALB,AEG36,no,no,0,2,35
2013,ALB,AEG37,no,no,29.2621,2,101.25
2013,ALB,AEG38,no,yes,0,2,13.44
2013,ALB,AEG39,no,yes,0,2,123.3
2013,ALB,AEG4,yes,yes,100.6834,1,62.05
2013,ALB,AEG40,no,no,0,3,87.75
2013,ALB,AEG41,no,no,0,3,160
2013,ALB,AEG42,no,no,200.7874,1,30
2013,ALB,AEG43,no,no,0,2,0
2013,ALB,AEG44,no,yes,170.6897,0,0
2013,ALB,AEG45,no,yes,0,2,19.6
2013,ALB,AEG46,no,yes,400.3676,0,0
2013,ALB,AEG47,no,no,73.6003,0,0
2013,ALB,AEG48,no,no,60.2214,0,0
2013,ALB,AEG49,no,yes,170.8108,0,0
2013,ALB,AEG5,yes,yes,126.9908,1,62.05
2013,ALB,AEG50,no,no,0,2,56.35
2013,ALB,AEG6,yes,yes,162.8863,1,62.05
2013,ALB,AEG7,yes,yes,25.9341,0,0
2013,ALB,AEG8,yes,yes,156.2963,1,0
2013,ALB,AEG9,yes,yes,62.954,0,0
2013,HAI,HEG1,yes,yes,118.5468,2,138
2013,HAI,HEG10,no,yes,0,1,42
2013,HAI,HEG11,no,yes,0,1,42
2013,HAI,HEG12,no,no,1644.1667,0,0
2013,HAI,HEG13,no,no,19.8544,2,38.5
2013,HAI,HEG14,no,no,9.5514,2,133.17
2013,HAI,HEG15,no,no,42.7177,1,167.3375
2013,HAI,HEG16,no,no,151.8172,0,0
2013,HAI,HEG17,no,no,35.0205,0,0
2013,HAI,HEG18,no,no,39.9857,1,0
2013,HAI,HEG19,no,no,35.0205,0,0
2013,HAI,HEG2,yes,yes,0,1,75
2013,HAI,HEG20,no,yes,105.48,0,0
2013,HAI,HEG21,no,yes,48,0,0
2013,HAI,HEG22,no,no,42.8082,2,0
2013,HAI,HEG23,no,no,69.797,1,0
2013,HAI,HEG24,no,no,165.7286,1,0
2013,HAI,HEG25,no,no,36.5854,1,0
2013,HAI,HEG26,no,yes,0,1,33.6
2013,HAI,HEG27,no,yes,0,1,50
2013,HAI,HEG28,no,yes,0,2,0
2013,HAI,HEG29,no,no,0,2,0
2013,HAI,HEG3,yes,yes,0,2,138
2013,HAI,HEG30,no,yes,0,3,85
2013,HAI,HEG31,no,no,44.6075,2,83
2013,HAI,HEG32,no,no,78.0471,1,50
2013,HAI,HEG33,no,yes,85.8614,2,0
2013,HAI,HEG34,no,no,76.2222,2,0
2013,HAI,HEG35,no,no,242.1974,1,9.75
2013,HAI,HEG36,no,no,43,2,151
2013,HAI,HEG37,no,yes,43,2,151
2013,HAI,HEG38,no,no,962.9787,0,0
2013,HAI,HEG39,no,no,142.6788,0,0
2013,HAI,HEG4,yes,yes,80.5797,2,54
2013,HAI,HEG40,no,yes,365.0546,0,0
2013,HAI,HEG41,no,no,105.48,0,0
2013,HAI,HEG42,no,yes,39.8418,0,0
2013,HAI,HEG43,no,yes,65.4676,1,0
2013,HAI,HEG44,no,yes,35.9233,0,0
2013,HAI,HEG45,no,no,88.4959,0,0
2013,HAI,HEG46,no,no,75.3125,0,0
2013,HAI,HEG47,no,no,0,2,0
2013,HAI,HEG48,no,yes,0,1,0
2013,HAI,HEG49,no,no,0,2,33.6
2013,HAI,HEG5,yes,yes,116.4162,2,84
2013,HAI,HEG50,no,yes,26.5306,1,0
2013,HAI,HEG6,yes,yes,76.2222,2,0
2013,HAI,HEG7,yes,yes,180.3784,0,0
2013,HAI,HEG8,yes,yes,180.3784,0,0
2013,HAI,HEG9,yes,yes,65.3333,0,0
2013,SCH,SEG1,yes,yes,0,2,0
2013,SCH,SEG10,no,no,204,1,0
2013,SCH,SEG11,no,no,160.2857,1,0
2013,SCH,SEG12,no,no,0,2,0
2013,SCH,SEG13,no,no,0,3,0
2013,SCH,SEG14,no,no,90.9091,1,0
2013,SCH,SEG15,no,no,0,2,0
2013,SCH,SEG16,no,no,360.7595,0,0
2013,SCH,SEG17,no,no,20.9195,2,0
2013,SCH,SEG18,no,yes,0,2,0
2013,SCH,SEG19,no,no,29.3217,1,0
2013,SCH,SEG2,yes,yes,0,2,0
2013,SCH,SEG20,no,no,425.1799,0,0
2013,SCH,SEG21,no,no,411.1807,0,0
2013,SCH,SEG22,no,yes,747.8191,0,0
2013,SCH,SEG23,no,yes,0,2,75
2013,SCH,SEG24,no,no,0,1,0
2013,SCH,SEG25,no,yes,0,2,0
2013,SCH,SEG26,no,no,0,2,75
2013,SCH,SEG27,no,yes,0,1,0
2013,SCH,SEG28,no,no,0,2,0
2013,SCH,SEG29,no,no,0,1,0
2013,SCH,SEG3,yes,yes,0,2,0
2013,SCH,SEG30,no,no,0,2,0
2013,SCH,SEG31,no,yes,0,2,0
2013,SCH,SEG32,no,yes,0,2,0
2013,SCH,SEG33,no,yes,308.7599,0,60.48
2013,SCH,SEG34,no,no,180.382,0,60.48
2013,SCH,SEG35,no,yes,75.1429,2,60.48
2013,SCH,SEG36,no,no,247.8963,0,0
2013,SCH,SEG37,no,yes,530.3634,0,0
2013,SCH,SEG38,no,yes,170.3662,1,0
2013,SCH,SEG39,no,yes,122.1939,0,0
2013,SCH,SEG4,yes,yes,124.0435,0,0
2013,SCH,SEG40,no,no,439.71,0,0
2013,SCH,SEG41,no,no,544.2254,0,0
2013,SCH,SEG42,no,yes,826.0567,0,23.744
2013,SCH,SEG43,no,yes,245.1955,0,9.2064
2013,SCH,SEG44,no,no,253.3667,0,0
2013,SCH,SEG45,no,no,338.1875,0,0
2013,SCH,SEG46,no,yes,1120.2415,0,0
2013,SCH,SEG47,no,no,364.0747,0,0
2013,SCH,SEG48,no,no,409.5,0,0
2013,SCH,SEG49,no,no,194.4,0,0
2013,SCH,SEG5,yes,yes,0,1,0
2013,SCH,SEG50,no,yes,128.8095,0,0
2013,SCH,SEG6,yes,yes,258.2143,0,0
2013,SCH,SEG7,yes,yes,387.6923,0,0
2013,SCH,SEG8,yes,yes,42.2005,0,75
2013,SCH,SEG9,yes,yes,520,0,0
2014,ALB,AEG1,yes,yes,0,3,111.05
2014,ALB,AEG10,no,yes,0,0,0
2014,ALB,AEG11,no,no,0,4,57.05
2014,ALB,AEG12,no,no,0,3,84.1
2014,ALB,AEG13,no,no,0,3,112.1
2014,ALB,AEG14,no,no,0,2,163.6
2014,ALB,AEG15,no,yes,0,3,118
2014,ALB,AEG16,no,no,116.2695,1,22.05
2014,ALB,AEG17,no,no,0,2,26.95
2014,ALB,AEG18,no,yes,0,3,144.7
2014,ALB,AEG19,no,no,165.476,0,40
2014,ALB,AEG2,yes,yes,0,3,250
2014,ALB,AEG20,no,yes,115.0685,0,0
2014,ALB,AEG21,no,yes,385.7828,1,92.96
2014,ALB,AEG22,no,yes,35.124,1,38.5
2014,ALB,AEG23,no,no,0,2,0
2014,ALB,AEG24,no,no,143.617,3,81.3
2014,ALB,AEG25,no,no,38.3046,0,0
2014,ALB,AEG26,no,yes,208.9286,0,0
2014,ALB,AEG27,no,no,157.9186,0,0
2014,ALB,AEG28,no,no,174.9004,0,0
2014,ALB,AEG29,no,no,87.4771,1,0
2014,ALB,AEG3,yes,yes,10.9983,2,0
2014,ALB,AEG30,no,yes,100.7299,2,0
2014,ALB,AEG31,no,yes,96.729,1,0
2014,ALB,AEG32,no,no,77.2538,0,0
2014,ALB,AEG33,no,yes,138.163,0,0
2014,ALB,AEG34,no,no,180.303,1,0
2014,ALB,AEG35,no,no,0,3,144.5
2014,ALB,AEG36,no,no,0,3,144.5
2014,ALB,AEG37,no,no,0,2,91.45
2014,ALB,AEG38,no,yes,0,2,0
2014,ALB,AEG39,no,yes,0,2,91.45
2014,ALB,AEG4,yes,yes,119.1252,1,39.2
2014,ALB,AEG40,no,no,0,2,30
2014,ALB,AEG41,no,no,32.4675,2,113
2014,ALB,AEG42,no,no,0,3,57.75
2014,ALB,AEG43,no,no,0,2,0
2014,ALB,AEG44,no,yes,217.2414,0,0
2014,ALB,AEG45,no,yes,0,2,34.3
2014,ALB,AEG46,no,yes,268.8603,0,0
2014,ALB,AEG47,no,no,86.4583,0,0
2014,ALB,AEG48,no,no,59.8958,0,0
2014,ALB,AEG49,no,yes,145.5856,0,0
2014,ALB,AEG5,yes,yes,115.0572,1,59.6
2014,ALB,AEG50,no,no,0,2,39.2
2014,ALB,AEG6,yes,yes,336.959,1,62.05
2014,ALB,AEG7,yes,yes,22.033,0,0
2014,ALB,AEG8,yes,yes,58.0247,1,0
2014,ALB,AEG9,yes,yes,64.1646,0,0
2014,HAI,HEG1,yes,yes,60.2294,3,135
2014,HAI,HEG10,no,yes,43.1655,2,31.5
2014,HAI,HEG11,no,yes,40.2685,1,31.5
2014,HAI,HEG12,no,no,1480,1,50
2014,HAI,HEG13,no,no,27.7962,2,0
2014,HAI,HEG14,no,no,25.3256,2,96.585
2014,HAI,HEG15,no,no,37.5671,1,86
2014,HAI,HEG16,no,no,133.3988,0,0
2014,HAI,HEG17,no,no,97.5783,0,0
2014,HAI,HEG18,no,no,39.5153,0,0
2014,HAI,HEG19,no,no,97.5783,0,0
2014,HAI,HEG2,yes,yes,20.9534,1,0
2014,HAI,HEG20,no,yes,143.2256,0,0
2014,HAI,HEG21,no,yes,40.3636,0,0
2014,HAI,HEG22,no,no,14.3836,2,77
2014,HAI,HEG23,no,no,0,1,0
2014,HAI,HEG24,no,no,63.3166,1,0
2014,HAI,HEG25,no,no,41.4634,1,0
2014,HAI,HEG26,no,yes,0,1,42
2014,HAI,HEG27,no,yes,0,2,50
2014,HAI,HEG28,no,yes,0,2,0
2014,HAI,HEG29,no,no,47.7897,2,0
2014,HAI,HEG3,yes,yes,40.9534,4,135
2014,HAI,HEG30,no,yes,58.9391,2,80
2014,HAI,HEG31,no,no,93.5865,2,50
2014,HAI,HEG32,no,no,92.4515,1,50
2014,HAI,HEG33,no,yes,190.3606,1,0
2014,HAI,HEG34,no,no,32.1555,3,79.2
2014,HAI,HEG35,no,no,563.1285,1,88
2014,HAI,HEG36,no,no,0,3,146
2014,HAI,HEG37,no,yes,52.7423,2,147
2014,HAI,HEG38,no,no,531.0638,0,0
2014,HAI,HEG39,no,no,202.439,0,0
2014,HAI,HEG4,yes,yes,0,3,345.35
2014,HAI,HEG40,no,yes,303.2761,0,0
2014,HAI,HEG41,no,no,143.2256,0,0
2014,HAI,HEG42,no,yes,133.1375,0,0
2014,HAI,HEG43,no,yes,83.1775,0,0
2014,HAI,HEG44,no,yes,132.0877,1,0
2014,HAI,HEG45,no,no,52.3602,0,0
2014,HAI,HEG46,no,no,60.1042,1,0
2014,HAI,HEG47,no,no,64.4,1,42
2014,HAI,HEG48,no,yes,0,2,42
2014,HAI,HEG49,no,no,0,2,42
2014,HAI,HEG5,yes,yes,96.4912,2,86
2014,HAI,HEG50,no,yes,27.451,1,0
2014,HAI,HEG6,yes,yes,32.1555,3,79.2
2014,HAI,HEG7,yes,yes,211.116,0,0
2014,HAI,HEG8,yes,yes,211.116,0,0
2014,HAI,HEG9,yes,yes,104,0,0
2014,SCH,SEG1,yes,yes,0,1,0
2014,SCH,SEG10,no,no,120.7072,1,0
2014,SCH,SEG11,no,no,120.7072,0,0
2014,SCH,SEG12,no,no,0,1,0
2014,SCH,SEG13,no,no,22.2222,1,0
2014,SCH,SEG14,no,no,94.6,1,0
2014,SCH,SEG15,no,no,0,1,0
2014,SCH,SEG16,no,no,0,1,0
2014,SCH,SEG17,no,no,31.4561,1,0
2014,SCH,SEG18,no,yes,0,2,0
2014,SCH,SEG19,no,no,64.4031,2,0
2014,SCH,SEG2,yes,yes,114.7727,1,0
2014,SCH,SEG20,no,no,451.5996,0,0
2014,SCH,SEG21,no,no,259.3708,1,0
2014,SCH,SEG22,no,yes,354.9512,0,0
2014,SCH,SEG23,no,yes,0,2,100
2014,SCH,SEG24,no,no,0,1,0
2014,SCH,SEG25,no,yes,0,2,0
2014,SCH,SEG26,no,no,0,2,100
2014,SCH,SEG27,no,yes,0,1,0
2014,SCH,SEG28,no,no,0,1,0
2014,SCH,SEG29,no,no,0,1,0
2014,SCH,SEG3,yes,yes,120.7072,1,0
2014,SCH,SEG30,no,no,0,2,0
2014,SCH,SEG31,no,yes,0,2,0
2014,SCH,SEG32,no,yes,0,2,0
2014,SCH,SEG33,no,yes,440.7103,0,30.24
2014,SCH,SEG34,no,no,202.6018,1,30.24
2014,SCH,SEG35,no,yes,82.6952,1,30.24
2014,SCH,SEG36,no,no,205.1067,0,0
2014,SCH,SEG37,no,yes,263.7786,0,0
2014,SCH,SEG38,no,yes,243.6056,1,0
2014,SCH,SEG39,no,yes,109.745,1,0
2014,SCH,SEG4,yes,yes,76.6129,1,0
2014,SCH,SEG40,no,no,497.8723,0,0
2014,SCH,SEG41,no,no,384.2599,0,0
2014,SCH,SEG42,no,yes,387.1215,0,31.36
2014,SCH,SEG43,no,yes,227.1546,0,20.7704
2014,SCH,SEG44,no,no,486.1775,0,11.2
2014,SCH,SEG45,no,no,267.4313,0,0
2014,SCH,SEG46,no,yes,386.5075,0,0
2014,SCH,SEG47,no,no,312.1266,0,0
2014,SCH,SEG48,no,no,445.35,0,0
2014,SCH,SEG49,no,no,299,0,0
2014,SCH,SEG5,yes,yes,0,0,0
2014,SCH,SEG50,no,yes,283.3158,0,0
2014,SCH,SEG6,yes,yes,238.0575,0,0
2014,SCH,SEG7,yes,yes,178.6923,0,0
2014,SCH,SEG8,yes,yes,406.9631,0,100
2014,SCH,SEG9,yes,yes,457.4429,1,0
2015,ALB,AEG1,yes,yes,0,2,76.75
2015,ALB,AEG10,no,yes,0,2,0
2015,ALB,AEG11,no,no,0,3,40
2015,ALB,AEG12,no,no,0,2,62.05
2015,ALB,AEG13,no,no,0,2,83.05
2015,ALB,AEG14,no,no,0,2,361.7
2015,ALB,AEG15,no,yes,0,3,314
2015,ALB,AEG16,no,no,165.7767,1,14.7
2015,ALB,AEG17,no,no,0,2,30.8
2015,ALB,AEG18,no,yes,0,3,320.4
2015,ALB,AEG19,no,no,192.6007,1,35
2015,ALB,AEG2,yes,yes,0,3,433
2015,ALB,AEG20,no,yes,146.1187,0,0
2015,ALB,AEG21,no,yes,890.5982,1,111.16
2015,ALB,AEG22,no,yes,14.9793,1,0
2015,ALB,AEG23,no,no,0,2,30.8
2015,ALB,AEG24,no,no,109.5745,2,97.56
2015,ALB,AEG25,no,no,41.0698,0,0
2015,ALB,AEG26,no,yes,210.1429,0,0
2015,ALB,AEG27,no,no,142.3077,0,0
2015,ALB,AEG28,no,no,78.9841,0,0
2015,ALB,AEG29,no,no,113.3144,1,0
2015,ALB,AEG3,yes,yes,20.3046,1,0
2015,ALB,AEG30,no,yes,125.1825,1,0
2015,ALB,AEG31,no,yes,121.028,1,0
2015,ALB,AEG32,no,no,60.8877,0,0
2015,ALB,AEG33,no,yes,64.0362,0,0
2015,ALB,AEG34,no,no,158.9394,1,0
2015,ALB,AEG35,no,no,0,2,40
2015,ALB,AEG36,no,no,0,2,40
2015,ALB,AEG37,no,no,0,2,88.8
2015,ALB,AEG38,no,yes,0,2,19.6
2015,ALB,AEG39,no,yes,0,2,88.8
2015,ALB,AEG4,yes,yes,104.787,1,49.4
2015,ALB,AEG40,no,no,0,3,69.4
2015,ALB,AEG41,no,no,0,3,289
2015,ALB,AEG42,no,no,28.3465,2,122.4
2015,ALB,AEG43,no,no,26.2857,1,0
2015,ALB,AEG44,no,yes,154.6552,0,0
2015,ALB,AEG45,no,yes,0,3,52.92
2015,ALB,AEG46,no,yes,315.4412,0,0
2015,ALB,AEG47,no,no,124.4531,0,0
2015,ALB,AEG48,no,no,55.2344,0,0
2015,ALB,AEG49,no,yes,115.6757,0,0
2015,ALB,AEG5,yes,yes,120.0686,1,79.1
2015,ALB,AEG50,no,no,0,2,22.05
2015,ALB,AEG6,yes,yes,177.2877,1,35
2015,ALB,AEG7,yes,yes,33.4066,0,0
2015,ALB,AEG8,yes,yes,61.6914,1,0
2015,ALB,AEG9,yes,yes,112.3487,0,0
2015,HAI,HEG1,yes,yes,40.153,2,147
2015,HAI,HEG10,no,yes,0,1,76.3
2015,HAI,HEG11,no,yes,0,1,31.5
2015,HAI,HEG12,no,no,508.2006,0,50
2015,HAI,HEG13,no,no,125.0827,2,0
2015,HAI,HEG14,no,no,66.5,1,60
2015,HAI,HEG15,no,no,35.5682,1,79
2015,HAI,HEG16,no,no,231.2316,0,0
2015,HAI,HEG17,no,no,37.2509,1,0
2015,HAI,HEG18,no,no,39.9857,0,0
2015,HAI,HEG19,no,no,37.2509,0,0
2015,HAI,HEG2,yes,yes,10.4767,2,112
2015,HAI,HEG20,no,yes,106.5263,0,0
2015,HAI,HEG21,no,yes,48.3002,0,0
2015,HAI,HEG22,no,no,17.2603,2,0
2015,HAI,HEG23,no,no,0,1,0
2015,HAI,HEG24,no,no,42.2111,1,0
2015,HAI,HEG25,no,no,36.5854,1,0
2015,HAI,HEG26,no,yes,0,2,31.5
2015,HAI,HEG27,no,yes,57.6923,1,50
2015,HAI,HEG28,no,yes,37.1377,1,0
2015,HAI,HEG29,no,no,37.1377,1,0
2015,HAI,HEG3,yes,yes,10.4767,2,112
2015,HAI,HEG30,no,yes,58.9391,3,125
2015,HAI,HEG31,no,no,79.4524,1,0
2015,HAI,HEG32,no,no,75.4155,1,50
2015,HAI,HEG33,no,yes,81.8182,1,0
2015,HAI,HEG34,no,no,129.8587,1,8.1
2015,HAI,HEG35,no,no,446.9274,1,8.1
2015,HAI,HEG36,no,no,112.6812,0,0
2015,HAI,HEG37,no,yes,196.0591,2,82
2015,HAI,HEG38,no,no,346.1856,0,0
2015,HAI,HEG39,no,no,51.1433,2,0
2015,HAI,HEG4,yes,yes,0,2,132
2015,HAI,HEG40,no,yes,180.2808,0,0
2015,HAI,HEG41,no,no,106.5263,0,0
2015,HAI,HEG42,no,yes,7.58,0,0
2015,HAI,HEG43,no,yes,73.9408,1,0
2015,HAI,HEG44,no,yes,72.5029,1,0
2015,HAI,HEG45,no,no,114.4697,0,0
2015,HAI,HEG46,no,no,96.6212,1,0
2015,HAI,HEG47,no,no,143.2,1,31.5
2015,HAI,HEG48,no,yes,15.2698,2,31.5
2015,HAI,HEG49,no,no,0,2,31.5
2015,HAI,HEG5,yes,yes,199.8798,2,117
2015,HAI,HEG50,no,yes,25.8503,1,56
2015,HAI,HEG6,yes,yes,129.8587,1,8.1
2015,HAI,HEG7,yes,yes,216.5055,1,0
2015,HAI,HEG8,yes,yes,216.5055,1,0
2015,HAI,HEG9,yes,yes,106.5263,0,0
2015,SCH,SEG1,yes,yes,0,1,0
2015,SCH,SEG10,no,no,162.2727,1,0
2015,SCH,SEG11,no,no,135.7988,0,0
2015,SCH,SEG12,no,no,0,1,0
2015,SCH,SEG13,no,no,138.8893,0,0
2015,SCH,SEG14,no,no,43.2317,1,0
2015,SCH,SEG15,no,no,0,1,0
2015,SCH,SEG16,no,no,121.519,0,0
2015,SCH,SEG17,no,no,220.68,1,0
2015,SCH,SEG18,no,yes,0,2,0
2015,SCH,SEG19,no,no,255.2135,0,0
2015,SCH,SEG2,yes,yes,101.0364,1,0
2015,SCH,SEG20,no,no,358.0659,1,0
2015,SCH,SEG21,no,no,585.9326,0,0
2015,SCH,SEG22,no,yes,252.2872,0,0
2015,SCH,SEG23,no,yes,0,2,0
2015,SCH,SEG24,no,no,0,1,0
2015,SCH,SEG25,no,yes,0,2,0
2015,SCH,SEG26,no,no,0,2,0
2015,SCH,SEG27,no,yes,0,2,0
2015,SCH,SEG28,no,no,0,1,0
2015,SCH,SEG29,no,no,0,1,0
2015,SCH,SEG3,yes,yes,159.6522,1,0
2015,SCH,SEG30,no,no,0,2,0
2015,SCH,SEG31,no,yes,0,2,0
2015,SCH,SEG32,no,yes,0,2,0
2015,SCH,SEG33,no,yes,355.9639,0,0
2015,SCH,SEG34,no,no,142.4612,0,0
2015,SCH,SEG35,no,yes,134.0952,0,0
2015,SCH,SEG36,no,no,225.437,0,0
2015,SCH,SEG37,no,yes,139.5423,1,0
2015,SCH,SEG38,no,yes,607.5544,1,0
2015,SCH,SEG39,no,yes,183.475,0,0
2015,SCH,SEG4,yes,yes,0,1,0
2015,SCH,SEG40,no,no,733.9243,0,0
2015,SCH,SEG41,no,no,1265.3872,0,0
2015,SCH,SEG42,no,yes,210.1909,0,19.152
2015,SCH,SEG43,no,yes,306.1475,0,73.1248
2015,SCH,SEG44,no,no,274.3506,0,43.2992
2015,SCH,SEG45,no,no,345.6317,0,0
2015,SCH,SEG46,no,yes,866.7076,0,0
2015,SCH,SEG47,no,no,324.2045,0,0
2015,SCH,SEG48,no,no,669.45,0,0
2015,SCH,SEG49,no,no,230.3,0,0
2015,SCH,SEG5,yes,yes,0,1,0
2015,SCH,SEG50,no,yes,182.6222,0,0
2015,SCH,SEG6,yes,yes,238.6267,0,0
2015,SCH,SEG7,yes,yes,304.8184,1,0
2015,SCH,SEG8,yes,yes,196.7747,1,0
2015,SCH,SEG9,yes,yes,427.0714,0,0
2016,ALB,AEG1,yes,yes,0,2,66.75
2016,ALB,AEG10,no,yes,19.3705,1,0
2016,ALB,AEG11,no,no,0,2,40
2016,ALB,AEG12,no,no,0,2,30
2016,ALB,AEG13,no,no,0,2,79.5
2016,ALB,AEG14,no,no,0,2,102
2016,ALB,AEG15,no,yes,0,3,314
2016,ALB,AEG16,no,no,158.665,1,0
2016,ALB,AEG17,no,no,0,2,30.8
2016,ALB,AEG18,no,yes,0,3,350.5
2016,ALB,AEG19,no,no,480.0716,1,0
2016,ALB,AEG2,yes,yes,0,3,433
2016,ALB,AEG20,no,yes,172.1461,0,0
2016,ALB,AEG21,no,yes,445.2113,1,122.8
2016,ALB,AEG22,no,yes,24.7934,1,0
2016,ALB,AEG23,no,no,0,2,30.8
2016,ALB,AEG24,no,no,32.9787,3,224.535
2016,ALB,AEG25,no,no,71.2829,0,0
2016,ALB,AEG26,no,yes,266.6429,0,0
2016,ALB,AEG27,no,no,109.6833,0,0
2016,ALB,AEG28,no,no,85.8566,0,0
2016,ALB,AEG29,no,no,58.6721,1,0
2016,ALB,AEG3,yes,yes,23.6887,2,30.8
2016,ALB,AEG30,no,yes,31.9797,1,0
2016,ALB,AEG31,no,yes,294.3925,1,0
2016,ALB,AEG32,no,no,59.7781,0,0
2016,ALB,AEG33,no,yes,52.0699,0,0
2016,ALB,AEG34,no,no,68.7879,1,0
2016,ALB,AEG35,no,no,0,2,40
2016,ALB,AEG36,no,no,0,2,84
2016,ALB,AEG37,no,no,0,2,91.25
2016,ALB,AEG38,no,yes,0,2,33.95
2016,ALB,AEG39,no,yes,0,2,52.05
2016,ALB,AEG4,yes,yes,74.9559,1,59.4
2016,ALB,AEG40,no,no,0,3,128.76
2016,ALB,AEG41,no,no,0,2,173.75
2016,ALB,AEG42,no,no,0,3,30
2016,ALB,AEG43,no,no,71.6943,1,0
2016,ALB,AEG44,no,yes,228.6207,0,0
2016,ALB,AEG45,no,yes,0,3,55.86
2016,ALB,AEG46,no,yes,276.011,0,0
2016,ALB,AEG47,no,no,96.4062,0,0
2016,ALB,AEG48,no,no,47.3438,0,0
2016,ALB,AEG49,no,yes,93.1532,0,0
2016,ALB,AEG5,yes,yes,35.9382,0,86.55
2016,ALB,AEG50,no,no,0,3,26.95
2016,ALB,AEG6,yes,yes,245.4649,1,40
2016,ALB,AEG7,yes,yes,57.1868,0,0
2016,ALB,AEG8,yes,yes,47.716,1,0
2016,ALB,AEG9,yes,yes,121.0654,0,0
2016,HAI,HEG1,yes,yes,112,2,251.8
2016,HAI,HEG10,no,yes,24.8908,1,89.6
2016,HAI,HEG11,no,yes,62.2951,1,56
2016,HAI,HEG12,no,no,516.6354,1,50
2016,HAI,HEG13,no,no,48.0315,3,57.75
2016,HAI,HEG14,no,no,0,1,60
2016,HAI,HEG15,no,no,60.1225,1,84
2016,HAI,HEG16,no,no,111.7399,0,0
2016,HAI,HEG17,no,no,61.6472,0,0
2016,HAI,HEG18,no,no,24.9465,1,0
2016,HAI,HEG19,no,no,61.6472,0,0
2016,HAI,HEG2,yes,yes,0,2,130
2016,HAI,HEG20,no,yes,59.8342,1,0
2016,HAI,HEG21,no,yes,91.6141,1,0
2016,HAI,HEG22,no,no,97.5342,2,0
2016,HAI,HEG23,no,no,0,1,0
2016,HAI,HEG24,no,no,54.5226,1,0
2016,HAI,HEG25,no,no,40.6504,1,0
2016,HAI,HEG26,no,yes,0,1,31.5
2016,HAI,HEG27,no,yes,53.8462,1,60
2016,HAI,HEG28,no,yes,0,1,22
2016,HAI,HEG29,no,no,32.7838,2,22
2016,HAI,HEG3,yes,yes,0,3,130
2016,HAI,HEG30,no,yes,61.8861,3,71
2016,HAI,HEG31,no,no,50.2738,1,46
2016,HAI,HEG32,no,no,77.9086,1,60
2016,HAI,HEG33,no,yes,87.5344,2,0
2016,HAI,HEG34,no,no,14.403,2,140.52
2016,HAI,HEG35,no,no,264.9171,1,0
2016,HAI,HEG36,no,no,114.75,0,16.8
2016,HAI,HEG37,no,yes,46.0987,2,84
2016,HAI,HEG38,no,no,335.8,0,0
2016,HAI,HEG39,no,no,51.1433,1,0
2016,HAI,HEG4,yes,yes,0,2,88
2016,HAI,HEG40,no,yes,368.7479,0,0
2016,HAI,HEG41,no,no,59.8342,1,0
2016,HAI,HEG42,no,yes,61.6472,0,0
2016,HAI,HEG43,no,yes,45.5635,0,0
2016,HAI,HEG44,no,yes,53.2948,0,0
2016,HAI,HEG45,no,no,46.0987,1,0
2016,HAI,HEG46,no,no,68.0546,1,0
2016,HAI,HEG47,no,no,101.25,1,31.5
2016,HAI,HEG48,no,yes,44.316,1,31.5
2016,HAI,HEG49,no,no,0,2,87.5
2016,HAI,HEG5,yes,yes,0,3,81
2016,HAI,HEG50,no,yes,70.5882,1,42
2016,HAI,HEG6,yes,yes,14.403,2,140.52
2016,HAI,HEG7,yes,yes,207.5808,0,0
2016,HAI,HEG8,yes,yes,207.5808,0,0
2016,HAI,HEG9,yes,yes,59.8342,1,0
2016,SCH,SEG1,yes,yes,24.8447,2,0
2016,SCH,SEG10,no,no,105.45,1,0
2016,SCH,SEG11,no,no,105.45,1,0
2016,SCH,SEG12,no,no,24.8447,2,0
2016,SCH,SEG13,no,no,0,2,40.32
2016,SCH,SEG14,no,no,9.5122,2,0
2016,SCH,SEG15,no,no,8.9011,1,0
2016,SCH,SEG16,no,no,24.1071,0,0
2016,SCH,SEG17,no,no,242.74,1,0
2016,SCH,SEG18,no,yes,0,1,0
2016,SCH,SEG19,no,no,74.6797,1,0
2016,SCH,SEG2,yes,yes,149.018,1,0
2016,SCH,SEG20,no,no,401.6205,0,0
2016,SCH,SEG21,no,no,444.5843,0,0
2016,SCH,SEG22,no,yes,64.0385,0,0
2016,SCH,SEG23,no,yes,0,2,0
2016,SCH,SEG24,no,no,11.6667,1,0
2016,SCH,SEG25,no,yes,0,2,0
2016,SCH,SEG26,no,no,0,2,0
2016,SCH,SEG27,no,yes,0,1,0
2016,SCH,SEG28,no,no,11.1465,1,0
2016,SCH,SEG29,no,no,87.6667,0,0
2016,SCH,SEG3,yes,yes,115.8261,1,0
2016,SCH,SEG30,no,no,0,1,0
2016,SCH,SEG31,no,yes,0,1,0
2016,SCH,SEG32,no,yes,0,1,0
2016,SCH,SEG33,no,yes,295.4343,0,0
2016,SCH,SEG34,no,no,192.1681,1,0
2016,SCH,SEG35,no,yes,171.3714,0,0
2016,SCH,SEG36,no,no,150.8889,1,0
2016,SCH,SEG37,no,yes,79.851,0,0
2016,SCH,SEG38,no,yes,925.3521,1,0
2016,SCH,SEG39,no,yes,68.8385,2,0
2016,SCH,SEG4,yes,yes,0,0,0
2016,SCH,SEG40,no,no,185.6629,0,0
2016,SCH,SEG41,no,no,329.8039,1,0
2016,SCH,SEG42,no,yes,528.2273,0,8.4
2016,SCH,SEG43,no,yes,238.972,0,98.7896
2016,SCH,SEG44,no,no,169.1558,0,34.5744
2016,SCH,SEG45,no,no,179.0833,0,0
2016,SCH,SEG46,no,yes,632.9109,1,0
2016,SCH,SEG47,no,no,220.6169,1,0
2016,SCH,SEG48,no,no,521.3071,0,0
2016,SCH,SEG49,no,no,377.8,0,0
2016,SCH,SEG5,yes,yes,0,1,0
2016,SCH,SEG50,no,yes,380.125,0,0
2016,SCH,SEG6,yes,yes,235.4933,0,0
2016,SCH,SEG7,yes,yes,224.9534,1,0
2016,SCH,SEG8,yes,yes,319.0618,2,0
2016,SCH,SEG9,yes,yes,468.6429,0,0
2017,ALB,AEG1,yes,yes,0,2,93.6
2017,ALB,AEG10,no,yes,19.3705,2,0
2017,ALB,AEG11,no,no,0,5,135.2
2017,ALB,AEG12,no,no,0,2,96
2017,ALB,AEG13,no,no,0,2,56.16
2017,ALB,AEG14,no,no,0,2,178.4
2017,ALB,AEG15,no,yes,0,3,304
2017,ALB,AEG16,no,no,143.5037,1,39.2
2017,ALB,AEG17,no,no,0,2,38.5
2017,ALB,AEG18,no,yes,0,3,108.4
2017,ALB,AEG19,no,no,162.9589,0,30
2017,ALB,AEG2,yes,yes,0,3,345
2017,ALB,AEG20,no,yes,205.4795,0,0
2017,ALB,AEG21,no,yes,665.4074,1,159.2
2017,ALB,AEG22,no,yes,0,2,81
2017,ALB,AEG23,no,no,0,2,0
2017,ALB,AEG24,no,no,15.9574,3,168.291
2017,ALB,AEG25,no,no,49.8187,0,0
2017,ALB,AEG26,no,yes,284.1667,0,0
2017,ALB,AEG27,no,no,190.0452,0,0
2017,ALB,AEG28,no,no,88.8944,0,0
2017,ALB,AEG29,no,no,222.4363,0,0
2017,ALB,AEG3,yes,yes,0,2,0
2017,ALB,AEG30,no,yes,17.0558,1,0
2017,ALB,AEG31,no,yes,0,0,0
2017,ALB,AEG32,no,no,35.2288,0,0
2017,ALB,AEG33,no,yes,34.7671,0,0
2017,ALB,AEG34,no,no,68.2576,0,0
2017,ALB,AEG35,no,no,0,3,162
2017,ALB,AEG36,no,no,0,3,162
2017,ALB,AEG37,no,no,0,2,116.01
2017,ALB,AEG38,no,yes,0,2,33.95
2017,ALB,AEG39,no,yes,0,2,77.09
2017,ALB,AEG4,yes,yes,152.132,1,59.2
2017,ALB,AEG40,no,no,0,2,127.72
2017,ALB,AEG41,no,no,0,3,165.5
2017,ALB,AEG42,no,no,65.6,2,30
2017,ALB,AEG43,no,no,31.5789,1,0
2017,ALB,AEG44,no,yes,255.1724,0,0
2017,ALB,AEG45,no,yes,0,3,35.28
2017,ALB,AEG46,no,yes,391.9118,0,0
2017,ALB,AEG47,no,no,106.7188,0,0
2017,ALB,AEG48,no,no,56.0547,0,0
2017,ALB,AEG49,no,yes,62.1622,0,0
2017,ALB,AEG5,yes,yes,123.5294,1,59.4
2017,ALB,AEG50,no,no,0,3,14.7
2017,ALB,AEG6,yes,yes,92.7835,1,30
2017,ALB,AEG7,yes,yes,42.3077,0,0
2017,ALB,AEG8,yes,yes,48.7654,1,0
2017,ALB,AEG9,yes,yes,100.0807,0,0
2017,HAI,HEG1,yes,yes,0,2,379.6
2017,HAI,HEG10,no,yes,24.0393,1,75.6
2017,HAI,HEG11,no,yes,0,1,42
2017,HAI,HEG12,no,no,815.3702,1,50
2017,HAI,HEG13,no,no,57.3989,3,0
2017,HAI,HEG14,no,no,0,2,260
2017,HAI,HEG15,no,no,133.8235,1,57.8
2017,HAI,HEG16,no,no,164.6622,0,0
2017,HAI,HEG17,no,no,7.6264,0,0
2017,HAI,HEG18,no,no,49.5367,0,0
2017,HAI,HEG19,no,no,7.6264,0,0
2017,HAI,HEG2,yes,yes,23.9536,2,120
2017,HAI,HEG20,no,yes,70.7482,0,0
2017,HAI,HEG21,no,yes,88.7523,0,0
2017,HAI,HEG22,no,no,6.8493,2,0
2017,HAI,HEG23,no,no,0,1,0
2017,HAI,HEG24,no,no,43.9698,1,0
2017,HAI,HEG25,no,no,203.252,1,0
2017,HAI,HEG26,no,yes,50.5249,1,67.2
2017,HAI,HEG27,no,yes,0,2,60
2017,HAI,HEG28,no,yes,0,1,66
2017,HAI,HEG29,no,no,0,1,66
2017,HAI,HEG3,yes,yes,23.9536,2,120
2017,HAI,HEG30,no,yes,34.3511,2,82
2017,HAI,HEG31,no,no,39.7895,2,30
2017,HAI,HEG32,no,no,273.1302,1,40
2017,HAI,HEG33,no,yes,786.9981,1,0
2017,HAI,HEG34,no,no,20.7282,1,219.54
2017,HAI,HEG35,no,no,1371.2707,1,79.2
2017,HAI,HEG36,no,no,169.3062,0,29.4
2017,HAI,HEG37,no,yes,0,1,57.8
2017,HAI,HEG38,no,no,112.5532,1,11.2
2017,HAI,HEG39,no,no,49.0854,1,0
2017,HAI,HEG4,yes,yes,0,1,116.89
2017,HAI,HEG40,no,yes,267.4614,0,0
2017,HAI,HEG41,no,no,70.7482,0,0
2017,HAI,HEG42,no,yes,5.3923,0,0
2017,HAI,HEG43,no,yes,20.1439,0,0
2017,HAI,HEG44,no,yes,55.0405,0,0
2017,HAI,HEG45,no,no,130.3201,0,0
2017,HAI,HEG46,no,no,104.7782,0,0
2017,HAI,HEG47,no,no,117.3469,1,67.2
2017,HAI,HEG48,no,yes,41.3462,1,56
2017,HAI,HEG49,no,no,0,2,42
2017,HAI,HEG5,yes,yes,0,2,91
2017,HAI,HEG50,no,yes,38.5458,1,42
2017,HAI,HEG6,yes,yes,20.7282,1,219.54
2017,HAI,HEG7,yes,yes,628.7016,0,0
2017,HAI,HEG8,yes,yes,181.1024,0,0
2017,HAI,HEG9,yes,yes,70.7482,0,0
2017,SCH,SEG1,yes,yes,0,1,0
2017,SCH,SEG10,no,no,81.2121,0,0
2017,SCH,SEG11,no,no,165.0725,0,0
2017,SCH,SEG12,no,no,0,1,0
2017,SCH,SEG13,no,no,0,2,30.24
2017,SCH,SEG14,no,no,16.56,1,0
2017,SCH,SEG15,no,no,0,1,0
2017,SCH,SEG16,no,no,0,0,0
2017,SCH,SEG17,no,no,78.26,2,0
2017,SCH,SEG18,no,yes,0,2,0
2017,SCH,SEG19,no,no,127.1715,1,0
2017,SCH,SEG2,yes,yes,143.9682,0,0
2017,SCH,SEG20,no,no,323.9519,2,0
2017,SCH,SEG21,no,no,373.0337,1,0
2017,SCH,SEG22,no,yes,153.3936,0,0
2017,SCH,SEG23,no,yes,0,2,0
2017,SCH,SEG24,no,no,0,0,0
2017,SCH,SEG25,no,yes,0,2,0
2017,SCH,SEG26,no,no,0,1,0
2017,SCH,SEG27,no,yes,0,1,0
2017,SCH,SEG28,no,no,0,0,0
2017,SCH,SEG29,no,no,0,0,0
2017,SCH,SEG3,yes,yes,150.7826,1,0
2017,SCH,SEG30,no,no,0,2,0
2017,SCH,SEG31,no,yes,0,2,0
2017,SCH,SEG32,no,yes,0,2,0
2017,SCH,SEG33,no,yes,317.5501,1,0
2017,SCH,SEG34,no,no,262.8761,1,0
2017,SCH,SEG35,no,yes,313.3714,1,0
2017,SCH,SEG36,no,no,273.1457,1,0
2017,SCH,SEG37,no,yes,46.5673,2,0
2017,SCH,SEG38,no,yes,897.3111,1,0
2017,SCH,SEG39,no,yes,61.1973,1,0
2017,SCH,SEG4,yes,yes,0,0,0
2017,SCH,SEG40,no,no,17.5926,0,0
2017,SCH,SEG41,no,no,265.7703,1,0
2017,SCH,SEG42,no,yes,764.2895,0,17.92
2017,SCH,SEG43,no,yes,153.4161,0,94.6792
2017,SCH,SEG44,no,no,114.6104,0,26.1744
2017,SCH,SEG45,no,no,170.5882,0,0
2017,SCH,SEG46,no,yes,377.3902,1,0
2017,SCH,SEG47,no,no,115.08,2,0
2017,SCH,SEG48,no,no,545.9153,1,0
2017,SCH,SEG49,no,no,389.3333,0,0
2017,SCH,SEG5,yes,yes,0,1,0
2017,SCH,SEG50,no,yes,171,1,0
2017,SCH,SEG6,yes,yes,373.1,1,0
2017,SCH,SEG7,yes,yes,284.3615,0,0
2017,SCH,SEG8,yes,yes,461.7353,1,0
2017,SCH,SEG9,yes,yes,293.6621,0,0
2018,ALB,AEG1,yes,yes,0,2,77.01
2018,ALB,AEG2,yes,yes,0,3,257
2018,ALB,AEG3,yes,yes,0,2,0
2018,ALB,AEG4,yes,yes,123.0068,1,74.4
2018,ALB,AEG5,yes,yes,166.6087,1,52.35
2018,ALB,AEG6,yes,yes,69.5928,1,84.2
2018,ALB,AEG7,yes,yes,90.989,0,0
2018,ALB,AEG8,yes,yes,51.4815,1,0
2018,ALB,AEG9,yes,yes,102.7441,0,0
2018,ALB,AEG10,no,yes,0,1,0
2018,ALB,AEG11,no,no,0,3,103.8
2018,ALB,AEG12,no,no,0,2,45
2018,ALB,AEG13,no,no,0,2,103.82
2018,ALB,AEG14,no,no,0,3,169.45
2018,ALB,AEG15,no,yes,0,3,304
2018,ALB,AEG16,no,no,164.5901,1,68.6
2018,ALB,AEG17,no,no,0,3,38.5
2018,ALB,AEG18,no,yes,0,3,162
2018,ALB,AEG19,no,no,204.5398,0,68.52
2018,ALB,AEG20,no,yes,147.9452,0,0
2018,ALB,AEG21,no,yes,624.1447,1,72.1
2018,ALB,AEG22,no,yes,0,1,0
2018,ALB,AEG23,no,no,0,2,0
2018,ALB,AEG24,no,no,6.4433,3,182.112
2018,ALB,AEG25,no,no,45.5802,0,0
2018,ALB,AEG26,no,yes,376.25,0,0
2018,ALB,AEG27,no,no,133.9367,0,0
2018,ALB,AEG28,no,no,48.3566,0,0
2018,ALB,AEG29,no,no,182.6176,1,0
2018,ALB,AEG30,no,yes,76.1421,1,0
2018,ALB,AEG31,no,yes,63.0841,2,0
2018,ALB,AEG32,no,no,19.5908,0,0
2018,ALB,AEG33,no,yes,51.7464,0,0
2018,ALB,AEG34,no,no,58.0303,1,0
2018,ALB,AEG35,no,no,0,3,162
2018,ALB,AEG36,no,no,0,3,162
2018,ALB,AEG37,no,no,0,2,129.72
2018,ALB,AEG38,no,yes,0,2,0
2018,ALB,AEG39,no,yes,0,2,63.78
2018,ALB,AEG40,no,no,68.1818,2,102.87
2018,ALB,AEG41,no,no,13.3581,2,107.75
2018,ALB,AEG42,no,no,0,4,30
2018,ALB,AEG43,no,no,265.4386,1,0
2018,ALB,AEG44,no,yes,240.5172,0,0
2018,ALB,AEG45,no,yes,0,3,17.64
2018,ALB,AEG46,no,yes,388.1434,0,0
2018,ALB,AEG47,no,no,94.0104,0,0
2018,ALB,AEG48,no,no,55.1432,0,0
2018,ALB,AEG49,no,yes,71.8625,0,0
2018,ALB,AEG50,no,no,0,3,14.7
2018,HAI,HEG1,yes,yes,22.9446,2,237.6
2018,HAI,HEG2,yes,yes,16.1372,2,189.2
2018,HAI,HEG3,yes,yes,16.1372,2,189.2
2018,HAI,HEG4,yes,yes,0,1,59.4
2018,HAI,HEG5,yes,yes,18.1128,1,176.1
2018,HAI,HEG6,yes,yes,4.5724,1,170.64
2018,HAI,HEG7,yes,yes,1222.6651,0,0
2018,HAI,HEG8,yes,yes,241.4698,0,0
2018,HAI,HEG9,yes,yes,69.1474,0,0
2018,HAI,HEG10,no,yes,0,1,42
2018,HAI,HEG11,no,yes,0,1,95.75
2018,HAI,HEG12,no,no,924.6081,0,50
2018,HAI,HEG13,no,no,25.3076,1,38.5
2018,HAI,HEG14,no,no,0,1,60
2018,HAI,HEG15,no,no,116.0784,1,70.8
2018,HAI,HEG16,no,no,127.3198,0,0
2018,HAI,HEG17,no,no,26.074,0,0
2018,HAI,HEG18,no,no,28.4391,0,0
2018,HAI,HEG19,no,no,5.2487,0,0
2018,HAI,HEG20,no,yes,69.1474,0,0
2018,HAI,HEG21,no,yes,64.1772,0,0
2018,HAI,HEG22,no,no,0,1,0
2018,HAI,HEG23,no,no,4.7014,0,66
2018,HAI,HEG24,no,no,16.5829,1,0
2018,HAI,HEG25,no,no,162.6016,0,0
2018,HAI,HEG26,no,yes,95.2805,1,117.6
2018,HAI,HEG27,no,yes,0,2,50
2018,HAI,HEG28,no,yes,71.0112,1,66
2018,HAI,HEG29,no,no,22.6523,1,66
2018,HAI,HEG30,no,yes,0,2,73
2018,HAI,HEG31,no,no,42.4421,2,0
2018,HAI,HEG32,no,no,125.5067,1,50
2018,HAI,HEG33,no,yes,0,1,59.4
2018,HAI,HEG34,no,no,4.5724,1,170.64
2018,HAI,HEG35,no,no,441.989,0,132
2018,HAI,HEG36,no,no,227.2562,0,25.2
2018,HAI,HEG37,no,yes,0,1,0
2018,HAI,HEG38,no,no,71.4894,1,15.12
2018,HAI,HEG39,no,no,199.0854,0,0
2018,HAI,HEG40,no,yes,266.518,0,0
2018,HAI,HEG41,no,no,69.1474,0,0
2018,HAI,HEG42,no,yes,3.5503,0,0
2018,HAI,HEG43,no,yes,13.2694,0,0
2018,HAI,HEG44,no,yes,86.5723,0,0
2018,HAI,HEG45,no,no,91.312,0,0
2018,HAI,HEG46,no,no,60.785,0,0
2018,HAI,HEG47,no,no,0,1,117.6
2018,HAI,HEG48,no,yes,0,1,75.6
2018,HAI,HEG49,no,no,0,1,42
2018,HAI,HEG50,no,yes,0,1,39.3365
2018,SCH,SEG1,yes,yes,0,2,0
2018,SCH,SEG2,yes,yes,154.4318,0,0
2018,SCH,SEG3,yes,yes,179.2,0,0
2018,SCH,SEG4,yes,yes,0,2,0
2018,SCH,SEG5,yes,yes,0,1,0
2018,SCH,SEG6,yes,yes,253.0933,2,0
2018,SCH,SEG7,yes,yes,199.9385,0,0
2018,SCH,SEG8,yes,yes,479.3798,0,0
2018,SCH,SEG9,yes,yes,421.1857,1,0
2018,SCH,SEG10,no,no,0,1,0
2018,SCH,SEG11,no,no,193.6842,0,0
2018,SCH,SEG12,no,no,0,2,0
2018,SCH,SEG13,no,no,50.4615,2,30.24
2018,SCH,SEG14,no,no,24.4286,2,0
2018,SCH,SEG15,no,no,0,2,0
2018,SCH,SEG16,no,no,0,1,0
2018,SCH,SEG17,no,no,335.34,1,0
2018,SCH,SEG18,no,yes,0,2,0
2018,SCH,SEG19,no,no,132.4734,1,0
2018,SCH,SEG20,no,no,266.7015,1,0
2018,SCH,SEG21,no,no,253.7079,1,0
2018,SCH,SEG22,no,yes,143.9149,0,0
2018,SCH,SEG23,no,yes,0,2,0
2018,SCH,SEG24,no,no,0,2,0
2018,SCH,SEG25,no,yes,0,2,0
2018,SCH,SEG26,no,no,0,2,0
2018,SCH,SEG27,no,yes,28.91,1,0
2018,SCH,SEG28,no,no,0,1,0
2018,SCH,SEG29,no,no,0,2,0
2018,SCH,SEG30,no,no,14.9928,1,0
2018,SCH,SEG31,no,yes,14.9928,1,0
2018,SCH,SEG32,no,yes,14.9928,1,0
2018,SCH,SEG33,no,yes,262.8731,0,0
2018,SCH,SEG34,no,no,148.9027,0,0
2018,SCH,SEG35,no,yes,181.8667,0,20.32
2018,SCH,SEG36,no,no,205.8293,0,0
2018,SCH,SEG37,no,yes,82.6672,1,0
2018,SCH,SEG38,no,yes,803.8412,0,0
2018,SCH,SEG39,no,yes,83.5788,0,0
2018,SCH,SEG40,no,no,0,0,0
2018,SCH,SEG41,no,no,274.5935,0,0
2018,SCH,SEG42,no,yes,472.7586,0,32.08
2018,SCH,SEG43,no,yes,226.47,0,48.3336
2018,SCH,SEG44,no,no,251.3115,0,0
2018,SCH,SEG45,no,no,108.2118,0,0
2018,SCH,SEG46,no,yes,595.791,0,0
2018,SCH,SEG47,no,no,312.6552,0,0
2018,SCH,SEG48,no,no,440.0571,2,0
2018,SCH,SEG49,no,no,213.5,0,0
2018,SCH,SEG50,no,yes,122.0833,0,0
2019,ALB,AEG1,yes,yes,0,2,128.01
2019,ALB,AEG2,yes,yes,0,3,176
2019,ALB,AEG3,yes,yes,13.5364,1,0
2019,ALB,AEG4,yes,yes,77.6129,1,135.4
2019,ALB,AEG23,no,no,0,2,0
2019,ALB,AEG5,yes,yes,153.6029,1,54.8
2019,ALB,AEG6,yes,yes,137.699,1,84.2
2019,HAI,HEG25,no,no,0,1,0
2019,ALB,AEG7,yes,yes,97.1978,0,0
2019,ALB,AEG8,yes,yes,18.5185,2,0
2019,ALB,AEG9,yes,yes,89.1848,0,0
2019,ALB,AEG10,no,yes,0,1,0
2019,ALB,AEG11,no,no,0,4,233.25
2019,ALB,AEG12,no,no,0,2,304
2019,ALB,AEG13,no,no,0,2,155.02
2019,ALB,AEG14,no,no,0,3,250.1
2019,ALB,AEG15,no,yes,0,3,289
2019,ALB,AEG16,no,no,422.4891,0,81.2
2019,ALB,AEG17,no,no,0,2,38.5
2019,ALB,AEG18,no,yes,0,3,194.2
2019,ALB,AEG19,no,no,256.9829,0,62.64
2019,ALB,AEG20,no,yes,147.9452,0,0
2019,ALB,AEG21,no,yes,300.4284,1,0
2019,ALB,AEG22,no,yes,0,1,0
2019,ALB,AEG24,no,no,0,3,180.682
2019,ALB,AEG25,no,no,39.6646,0,0
2019,ALB,AEG26,no,yes,333.3333,0,0
2019,ALB,AEG27,no,no,158.8235,0,0
2019,ALB,AEG28,no,no,84.6614,0,0
2019,ALB,AEG29,no,no,60.7004,1,0
2019,ALB,AEG35,no,no,0,2,172
2019,ALB,AEG30,no,yes,36.5482,1,0
2019,ALB,AEG31,no,yes,57.243,1,0
2019,ALB,AEG32,no,no,24.2718,0,0
2019,ALB,AEG33,no,yes,47.8655,0,0
2019,ALB,AEG34,no,no,78.7879,0,0
2019,ALB,AEG36,no,no,0,2,128
2019,ALB,AEG37,no,no,0,2,127.17
2019,ALB,AEG38,no,yes,0,2,0
2019,ALB,AEG39,no,yes,0,2,68.58
2019,ALB,AEG40,no,no,0,2,49.6
2019,ALB,AEG41,no,no,0,2,97.75
2019,ALB,AEG42,no,no,0,3,30
2019,ALB,AEG43,no,no,376.6667,0,0
2019,ALB,AEG44,no,yes,192.303,0,0
2019,ALB,AEG45,no,yes,31.9355,2,0
2019,ALB,AEG46,no,yes,301.4706,0,0
2019,ALB,AEG47,no,no,82.2917,0,0
2019,HAI,HEG4,yes,yes,0,1,63.8
2019,SCH,SEG10,no,no,0,1,0
2019,ALB,AEG48,no,no,57.4219,0,0
2019,ALB,AEG49,no,yes,116.9369,0,0
2019,ALB,AEG50,no,no,35.2201,1,0
2019,HAI,HEG1,yes,yes,80.9249,2,178
2019,HAI,HEG2,yes,yes,39.3343,1,0
2019,HAI,HEG3,yes,yes,39.3343,1,0
2019,HAI,HEG5,yes,yes,108.5603,1,70
2019,SCH,SEG11,no,no,0,0,0
2019,HAI,HEG10,no,yes,0,1,0
2019,HAI,HEG6,yes,yes,68.6876,1,88
2019,HAI,HEG7,yes,yes,2283.3713,0,0
2019,HAI,HEG8,yes,yes,2283.3713,0,0
2019,HAI,HEG9,yes,yes,32.6965,0,0
2019,HAI,HEG11,no,yes,0,1,25.2
2019,HAI,HEG12,no,no,608.9552,0,60
2019,HAI,HEG13,no,no,66.3269,1,57.75
2019,HAI,HEG14,no,no,8.466,1,60
2019,HAI,HEG15,no,no,103.3824,1,68.34
2019,HAI,HEG16,no,no,120.4673,1,0
2019,HAI,HEG17,no,no,15.2988,0,0
2019,HAI,HEG18,no,no,29.6151,0,0
2019,HAI,HEG19,no,no,15.2988,0,0
2019,HAI,HEG20,no,yes,32.6965,0,0
2019,HAI,HEG21,no,yes,73.4509,0,0
2019,HAI,HEG22,no,no,43.7956,2,0
2019,HAI,HEG23,no,no,0,1,66
2019,HAI,HEG24,no,no,50.6533,1,0
2019,HAI,HEG26,no,yes,0,1,134.4
2019,HAI,HEG27,no,yes,0,1,60
2019,HAI,HEG28,no,yes,71.3483,1,66
2019,HAI,HEG29,no,no,22.7599,1,66
2019,HAI,HEG30,no,yes,0,2,80
2019,HAI,HEG31,no,no,127.6,0,0
2019,HAI,HEG32,no,no,76.2779,2,60
2019,HAI,HEG33,no,yes,0,1,61.6
2019,HAI,HEG34,no,no,68.6876,1,88
2019,HAI,HEG35,no,no,165.1381,1,88
2019,HAI,HEG36,no,no,101.6812,0,12.6
2019,HAI,HEG37,no,yes,0,1,40
2019,HAI,HEG38,no,no,44,1,13.44
2019,HAI,HEG39,no,no,186.7378,0,0
2019,HAI,HEG40,no,yes,274.94,0,0
2019,HAI,HEG41,no,no,32.6965,0,0
2019,HAI,HEG42,no,yes,15.2988,0,0
2019,HAI,HEG43,no,yes,93.3653,0,0
2019,HAI,HEG44,no,yes,61.526,0,0
2019,HAI,HEG45,no,no,90.1864,0,0
2019,HAI,HEG46,no,no,129.2759,0,0
2019,HAI,HEG47,no,no,0,1,134.4
2019,HAI,HEG48,no,yes,0,1,67.2
2019,HAI,HEG49,no,no,0,2,78.4
2019,HAI,HEG50,no,yes,0,1,25.2
2019,SCH,SEG1,yes,yes,0,1,0
2019,SCH,SEG2,yes,yes,113.6667,0,0
2019,SCH,SEG3,yes,yes,183.6,1,0
2019,SCH,SEG4,yes,yes,65.6842,1,0
2019,SCH,SEG5,yes,yes,0,1,0
2019,SCH,SEG6,yes,yes,220.7667,1,0
2019,SCH,SEG7,yes,yes,201.0462,0,0
2019,SCH,SEG8,yes,yes,191.4637,1,0
2019,SCH,SEG9,yes,yes,705.0769,1,0
2019,SCH,SEG12,no,no,0,1,0
2019,SCH,SEG13,no,no,91.7895,2,0
2019,SCH,SEG14,no,no,0,2,0
2019,SCH,SEG15,no,no,0,1,0
2019,SCH,SEG16,no,no,134.4,1,0
2019,SCH,SEG17,no,no,231.7067,1,0
2019,SCH,SEG18,no,yes,0,1,0
2019,SCH,SEG19,no,no,483.8753,0,0
2019,SCH,SEG20,no,no,275.4876,1,0
2019,SCH,SEG21,no,no,498.0899,1,0
2019,SCH,SEG22,no,yes,132.7021,0,0
2019,SCH,SEG23,no,yes,0,2,0
2019,SCH,SEG24,no,no,0,1,0
2019,SCH,SEG25,no,yes,0,2,0
2019,SCH,SEG26,no,no,0,1,0
2019,SCH,SEG27,no,yes,0,1,0
2019,SCH,SEG28,no,no,0,0,0
2019,SCH,SEG29,no,no,0,1,0
2019,SCH,SEG30,no,no,16.932,1,0
2019,SCH,SEG31,no,yes,16.932,1,0
2019,SCH,SEG32,no,yes,16.932,1,0
2019,SCH,SEG33,no,yes,280.8463,1,0
2019,SCH,SEG34,no,no,172.5841,1,0
2019,SCH,SEG35,no,yes,208.6952,1,15.24
2019,SCH,SEG36,no,no,200.4011,1,0
2019,SCH,SEG37,no,yes,204.6715,0,0
2019,SCH,SEG38,no,yes,747.7593,0,0
2019,SCH,SEG39,no,yes,161.4713,1,0
2019,SCH,SEG40,no,no,132.2025,1,0
2019,SCH,SEG41,no,no,282.4119,1,0
2019,SCH,SEG42,no,yes,910.5217,0,27.42
2019,SCH,SEG43,no,yes,205.4865,0,36.18
2019,SCH,SEG44,no,no,392.623,0,33.8
2019,SCH,SEG45,no,no,195.1737,0,0
2019,SCH,SEG46,no,yes,717.2028,0,0
2019,SCH,SEG47,no,no,172.0727,1,0
2019,SCH,SEG48,no,no,648.5692,1,0
2019,SCH,SEG49,no,no,252,0,0
2019,SCH,SEG50,no,yes,195,0,0
2020,ALB,AEG1,yes,yes,0,2,199
2020,ALB,AEG2,yes,yes,0,3,257
2020,ALB,AEG3,yes,yes,13.5364,2,0
2020,ALB,AEG4,yes,yes,115.338,1,40
2020,ALB,AEG5,yes,yes,183.4926,0,7.35
2020,ALB,AEG6,yes,yes,56.7767,1,36.75
2020,ALB,AEG7,yes,yes,80.2198,0,0
2020,ALB,AEG8,yes,yes,26.6667,1,0
2020,ALB,AEG9,yes,yes,84.7458,0,0
2020,ALB,AEG10,no,yes,7.0218,2,0
2020,ALB,AEG11,no,no,0,2,135.4
2020,ALB,AEG12,no,no,0,2,132
2020,ALB,AEG13,no,no,0,2,135.4
2020,ALB,AEG14,no,no,0,2,198.05
2020,ALB,AEG15,no,yes,0,3,176
2020,ALB,AEG16,no,no,590.4554,0,68.6
2020,ALB,AEG17,no,no,0,2,57.75
2020,ALB,AEG18,no,yes,0,2,211.6
2020,ALB,AEG19,no,no,158.6165,1,17.64
2020,ALB,AEG20,no,yes,168.7671,0,0
2020,ALB,AEG21,no,yes,402.7986,1,0
2020,ALB,AEG22,no,yes,0,2,44
2020,ALB,AEG23,no,no,0,3,0
2020,ALB,AEG24,no,no,38.8889,2,114.78
2020,ALB,AEG25,no,no,41.7271,0,0
2020,ALB,AEG26,no,yes,277.7083,0,0
2020,ALB,AEG27,no,no,129.8643,0,0
2020,ALB,AEG28,no,no,60.8068,0,0
2020,ALB,AEG29,no,no,100.6544,1,0
2020,ALB,AEG30,no,yes,51.4721,1,22.4
2020,ALB,AEG31,no,yes,0,1,0
2020,ALB,AEG32,no,no,51.3176,0,0
2020,ALB,AEG33,no,yes,44.793,0,0
2020,ALB,AEG34,no,no,75,0,0
2020,ALB,AEG35,no,no,0,2,110
2020,ALB,AEG36,no,no,0,2,110
2020,ALB,AEG37,no,no,25.0627,2,95.45
2020,ALB,AEG38,no,yes,0,2,57.75
2020,ALB,AEG39,no,yes,25.4453,2,73.35
2020,ALB,AEG40,no,no,0,2,8.4
2020,ALB,AEG41,no,no,0,3,132
2020,ALB,AEG42,no,no,0,3,0
2020,ALB,AEG43,no,no,104.1096,1,0
2020,ALB,AEG44,no,yes,280.1724,0,0
2020,ALB,AEG45,no,yes,97.9355,2,29.4
2020,ALB,AEG46,no,yes,282.6287,0,0
2020,ALB,AEG47,no,no,66.7318,0,0
2020,ALB,AEG48,no,no,59.2448,0,0
2020,ALB,AEG49,no,yes,113.5135,0,0
2020,ALB,AEG50,no,no,0,2,0
2020,HAI,HEG1,yes,yes,86.7052,2,327.45
2020,HAI,HEG2,yes,yes,40.8472,1,133.5
2020,HAI,HEG3,yes,yes,40.8472,1,133.5
2020,HAI,HEG4,yes,yes,0,2,97
2020,HAI,HEG5,yes,yes,82.8626,2,112
2020,HAI,HEG6,yes,yes,58.111,1,60
2020,HAI,HEG7,yes,yes,765.3759,0,0
2020,HAI,HEG8,yes,yes,765.3759,0,0
2020,HAI,HEG9,yes,yes,89.1667,0,0
2020,HAI,HEG10,no,yes,6.5502,1,0
2020,HAI,HEG11,no,yes,9.8039,1,25.2
2020,HAI,HEG12,no,no,128.7873,0,60
2020,HAI,HEG13,no,no,15.7469,2,0
2020,HAI,HEG14,no,no,10.1302,1,60
2020,HAI,HEG15,no,no,87.1977,2,60
2020,HAI,HEG16,no,no,124.4088,0,0
2020,HAI,HEG17,no,no,22.0634,0,0
2020,HAI,HEG18,no,no,33.6778,0,0
2020,HAI,HEG19,no,no,19.4288,0,0
2020,HAI,HEG20,no,yes,153,0,0
2020,HAI,HEG21,no,yes,45.205,0,0
2020,HAI,HEG22,no,no,20.438,2,0
2020,HAI,HEG23,no,no,81.8297,1,0
2020,HAI,HEG24,no,no,21.1055,1,0
2020,HAI,HEG25,no,no,43.9024,1,0
2020,HAI,HEG26,no,yes,0,2,75.6
2020,HAI,HEG27,no,yes,0,2,60
2020,HAI,HEG28,no,yes,78.6517,1,0
2020,HAI,HEG29,no,no,25.0896,1,0
2020,HAI,HEG30,no,yes,0,3,113
2020,HAI,HEG31,no,no,10.6105,0,0
2020,HAI,HEG32,no,no,155.6788,1,60
2020,HAI,HEG33,no,yes,0,1,71
2020,HAI,HEG34,no,no,58.111,1,60
2020,HAI,HEG35,no,no,795.5801,1,40
2020,HAI,HEG36,no,no,152.95,0,0
2020,HAI,HEG37,no,yes,0,2,60
2020,HAI,HEG38,no,no,45.9574,1,16.24
2020,HAI,HEG39,no,no,89.6341,0,0
2020,HAI,HEG40,no,yes,188.6702,0,0
2020,HAI,HEG41,no,no,89.1667,0,0
2020,HAI,HEG42,no,yes,22.0634,0,0
2020,HAI,HEG43,no,yes,41.9664,0,0
2020,HAI,HEG44,no,yes,165.7283,0,0
2020,HAI,HEG45,no,no,201.4316,0,0
2020,HAI,HEG46,no,no,70.3448,0,0
2020,HAI,HEG47,no,no,0,2,75.6
2020,HAI,HEG48,no,yes,0,2,61.2
2020,HAI,HEG49,no,no,0,2,94.8
2020,HAI,HEG50,no,yes,0,1,44.45
2020,SCH,SEG1,yes,yes,0,1,0
2020,SCH,SEG2,yes,yes,224.5478,0,0
2020,SCH,SEG3,yes,yes,0,1,0
2020,SCH,SEG4,yes,yes,0,2,0
2020,SCH,SEG5,yes,yes,0,1,0
2020,SCH,SEG6,yes,yes,514.52,1,19.68
2020,SCH,SEG7,yes,yes,236.5385,0,0
2020,SCH,SEG8,yes,yes,627.3047,1,0
2020,SCH,SEG9,yes,yes,438.8154,0,19.68
2020,SCH,SEG10,no,no,0,1,0
2020,SCH,SEG11,no,no,0,1,0
2020,SCH,SEG12,no,no,0,1,0
2020,SCH,SEG13,no,no,599.4324,1,10.8
2020,SCH,SEG14,no,no,0,2,0
2020,SCH,SEG15,no,no,0,1,0
2020,SCH,SEG16,no,no,0,2,0
2020,SCH,SEG17,no,no,345.29,1,19.68
2020,SCH,SEG18,no,yes,0,1,0
2020,SCH,SEG19,no,no,108.4065,1,0
2020,SCH,SEG20,no,no,536.1997,0,19.68
2020,SCH,SEG21,no,no,336.2857,1,19.68
2020,SCH,SEG22,no,yes,215.4667,0,0
2020,SCH,SEG23,no,yes,0,2,0
2020,SCH,SEG24,no,no,0,0,0
2020,SCH,SEG25,no,yes,0,2,19.68
2020,SCH,SEG26,no,no,0,2,0
2020,SCH,SEG27,no,yes,0,1,0
2020,SCH,SEG28,no,no,0,1,0
2020,SCH,SEG29,no,no,0,0,0
2020,SCH,SEG30,no,no,0,1,0
2020,SCH,SEG31,no,yes,0,1,0
2020,SCH,SEG32,no,yes,0,1,0
2020,SCH,SEG33,no,yes,207.1121,1,0
2020,SCH,SEG34,no,no,200.9091,0,0
2020,SCH,SEG35,no,yes,188.6522,0,26.28
2020,SCH,SEG36,no,no,254.5797,1,11.04
2020,SCH,SEG37,no,yes,206.6895,0,0
2020,SCH,SEG38,no,yes,781.7803,0,0
2020,SCH,SEG39,no,yes,296.7647,0,0
2020,SCH,SEG40,no,no,205.607,0,0
2020,SCH,SEG41,no,no,368.6043,0,0
2020,SCH,SEG42,no,yes,571.5296,0,62.38
2020,SCH,SEG43,no,yes,444.0856,0,65.455
2020,SCH,SEG44,no,no,241.7049,0,73.75
2020,SCH,SEG45,no,no,202.71,0,0
2020,SCH,SEG46,no,yes,832.8947,0,0
2020,SCH,SEG47,no,no,155.93,1,0
2020,SCH,SEG48,no,no,451.3692,1,19.68
2020,SCH,SEG49,no,no,65,0,0
2020,SCH,SEG50,no,yes,170.5199,0,0
2021,HAI,HEG1,yes,yes,0,2,166
2021,HAI,HEG2,yes,yes,42.2088,2,153
2021,HAI,HEG3,yes,yes,42.2088,2,87
2021,HAI,HEG4,yes,yes,0,2,97.5
2021,HAI,HEG5,yes,yes,0,3,79
2021,HAI,HEG6,yes,yes,9.8,2,60
2021,HAI,HEG7,yes,yes,1491.7995,0,0
2021,HAI,HEG8,yes,yes,1491.7995,0,0
2021,HAI,HEG9,yes,yes,72.8912,0,0
2021,HAI,HEG10,no,yes,27.9476,1,0
2021,HAI,HEG11,no,yes,62.7451,1,0
2021,HAI,HEG12,no,no,855.0606,0,60
2021,HAI,HEG13,no,no,90.4252,1,110
2021,HAI,HEG14,no,no,5.8267,2,60
2021,HAI,HEG15,no,no,39.2157,1,70.8
2021,HAI,HEG16,no,no,81.0248,0,0
2021,HAI,HEG17,no,no,53.2569,0,0
2021,HAI,HEG18,no,no,52.9223,0,0
2021,HAI,HEG19,no,no,60.7891,0,0
2021,HAI,HEG20,no,yes,133,0,0
2021,HAI,HEG21,no,yes,38.805,1,0
2021,HAI,HEG22,no,no,0,3,0
2021,HAI,HEG23,no,no,0,2,0
2021,HAI,HEG24,no,no,0,1,0
2021,HAI,HEG25,no,no,0,1,0
2021,HAI,HEG26,no,yes,0,2,25.2
2021,HAI,HEG27,no,yes,29.9413,1,60
2021,HAI,HEG28,no,yes,0,1,30.77
2021,HAI,HEG29,no,no,0,1,30.77
2021,HAI,HEG30,no,yes,0,3,80
2021,HAI,HEG31,no,no,12.6316,1,0
2021,HAI,HEG32,no,no,130.4015,1,60
2021,HAI,HEG33,no,yes,0,2,118.5
2021,HAI,HEG34,no,no,0,2,60
2021,HAI,HEG35,no,no,456.6298,2,60
2021,HAI,HEG36,no,no,218.075,0,80
2021,HAI,HEG37,no,yes,93.1122,2,114
2021,HAI,HEG38,no,no,46.2979,1,8.4
2021,HAI,HEG39,no,no,155.4878,1,0
2021,HAI,HEG40,no,yes,200.9843,0,0
2021,HAI,HEG41,no,no,72.8912,0,0
2021,HAI,HEG42,no,yes,24.217,0,0
2021,HAI,HEG43,no,yes,51.3349,0,0
2021,HAI,HEG44,no,yes,108.4855,1,0
2021,HAI,HEG45,no,no,18.8357,0,0
2021,HAI,HEG46,no,no,120.0345,1,0
2021,HAI,HEG47,no,no,0,2,25.2
2021,HAI,HEG48,no,yes,0,2,27
2021,HAI,HEG49,no,no,0,2,58.8
2021,HAI,HEG50,no,yes,63.5458,1,0
2021,SCH,SEG14,no,no,21.4286,1,0
2021,SCH,SEG1,yes,yes,0,1,0
2021,SCH,SEG2,yes,yes,0,1,0
2021,SCH,SEG3,yes,yes,0,1,0
2021,SCH,SEG7,yes,yes,0,1,0
2021,SCH,SEG10,no,no,0,1,0
2021,SCH,SEG11,no,no,0,2,0
2021,SCH,SEG12,no,no,0,1,0
2021,SCH,SEG22,no,yes,0,1,0
2021,SCH,SEG29,no,no,0,1,0
2021,SCH,SEG18,no,yes,47.2393,0,0
2021,SCH,SEG30,no,no,0,2,0
2021,SCH,SEG31,no,yes,0,2,0
2021,SCH,SEG32,no,yes,0,2,0
2021,SCH,SEG37,no,yes,43.324,0,0
2021,SCH,SEG40,no,no,239.7548,0,0
2021,SCH,SEG41,no,no,193.8753,0,0
2021,SCH,SEG42,no,yes,482.3607,0,62.3
2021,SCH,SEG43,no,yes,501.4011,0,79.355
2021,SCH,SEG44,no,no,209.8033,0,87.65
2021,SCH,SEG45,no,no,144.9604,0,0
2021,SCH,SEG13,no,no,410.027,2,23.3
2021,SCH,SEG33,no,yes,249.1506,0,0
2021,SCH,SEG34,no,no,201.3495,1,0
2021,SCH,SEG35,no,yes,259.6316,1,8.28
2021,SCH,SEG36,no,no,141.6143,1,8.28
2021,SCH,SEG39,no,yes,48.5714,1,0
2021,SCH,SEG46,no,yes,650.4211,1,0
2021,SCH,SEG47,no,no,71.7118,1,0
2021,SCH,SEG49,no,no,123.2,0,0
2021,SCH,SEG24,no,no,0,1,0
2021,SCH,SEG28,no,no,0,1,0
2021,SCH,SEG38,no,yes,883.3102,0,0
2021,SCH,SEG6,yes,yes,145.115,2,14.76
2021,SCH,SEG9,yes,yes,602.1538,1,14.76
2021,SCH,SEG17,no,no,345.575,1,14.76
2021,SCH,SEG20,no,no,271.4062,1,14.76
2021,SCH,SEG21,no,no,319.102,1,14.76
2021,SCH,SEG25,no,yes,0,2,24.8
2021,SCH,SEG48,no,no,394.8692,2,14.76
2021,SCH,SEG27,no,yes,0,1,0
2021,SCH,SEG50,no,yes,145.7143,1,0
2021,SCH,SEG4,yes,yes,0,1,0
2021,SCH,SEG5,yes,yes,0,1,0
2021,SCH,SEG8,yes,yes,369.776,2,0
2021,SCH,SEG15,no,no,0,1,0
2021,SCH,SEG16,no,no,0,1,0
2021,SCH,SEG19,no,no,0,1,0
2021,SCH,SEG23,no,yes,0,0,0
2021,SCH,SEG26,no,no,0,0,0
2021,ALB,AEG1,yes,yes,0,2,243
2021,ALB,AEG2,yes,yes,0,4,257
2021,ALB,AEG3,yes,yes,0,2,0
2021,ALB,AEG4,yes,yes,48.8527,1,40
2021,ALB,AEG5,yes,yes,219.8529,1,47.35
2021,ALB,AEG6,yes,yes,72,1,47.35
2021,ALB,AEG7,yes,yes,76.044,0,0
2021,ALB,AEG8,yes,yes,9.2593,2,0
2021,ALB,AEG9,yes,yes,78.6925,0,0
2021,ALB,AEG10,no,yes,8.4746,2,10
2021,ALB,AEG11,no,no,53.4759,2,157.35
2021,ALB,AEG12,no,no,0,2,177
2021,ALB,AEG13,no,no,0,2,128
2021,ALB,AEG14,no,no,0,2,206
2021,ALB,AEG15,no,yes,0,3,216
2021,ALB,AEG16,no,no,397.0368,0,33.6
2021,ALB,AEG17,no,no,0,2,0
2021,ALB,AEG18,no,yes,0,3,86.4
2021,ALB,AEG19,no,no,107.1693,0,40
2021,ALB,AEG20,no,yes,153.4247,0,0
2021,ALB,AEG21,no,yes,434.7099,1,33.6
2021,ALB,AEG22,no,yes,0,2,48.78
2021,ALB,AEG23,no,no,0,3,0
2021,ALB,AEG24,no,no,40.8333,3,66
2021,ALB,AEG25,no,no,37.8286,0,0
2021,ALB,AEG26,no,yes,313.3333,0,0
2021,ALB,AEG27,no,no,162.8959,0,0
2021,ALB,AEG28,no,no,47.8088,0,0
2021,ALB,AEG29,no,no,71.8827,1,22.4
2021,ALB,AEG30,no,yes,0,3,83.2
2021,ALB,AEG31,no,yes,0,2,0
2021,ALB,AEG32,no,no,24.1678,0,0
2021,ALB,AEG33,no,yes,40.7503,0,0
2021,ALB,AEG34,no,no,80.303,0,0
2021,ALB,AEG35,no,no,0,2,84
2021,ALB,AEG36,no,no,0,3,106
2021,ALB,AEG37,no,no,0,2,133
2021,ALB,AEG38,no,yes,31.25,2,20
2021,ALB,AEG39,no,yes,0,2,135.35
2021,ALB,AEG40,no,no,69.75,1,38.4
2021,ALB,AEG41,no,no,0,3,152
2021,ALB,AEG42,no,no,0,3,132
2021,ALB,AEG43,no,no,106.7123,0,0
2021,ALB,AEG44,no,yes,227.5862,0,0
2021,ALB,AEG45,no,yes,28.3871,2,22.05
2021,ALB,AEG46,no,yes,381.011,0,0
2021,ALB,AEG47,no,no,63.8021,0,0
2021,ALB,AEG48,no,no,72.9167,0,0
2021,ALB,AEG49,no,yes,121.6216,0,0
2021,ALB,AEG50,no,no,18.8679,2,0
2022,HAI,HEG1,yes,yes,0,2,49.14
2022,HAI,HEG2,yes,yes,78.1644,2,60
2022,HAI,HEG3,yes,yes,78.1644,2,60
2022,HAI,HEG4,yes,yes,0,1,88.75
2022,HAI,HEG5,yes,yes,151.9844,1,76
2022,HAI,HEG6,yes,yes,48.2087,1,126.6
2022,HAI,HEG7,yes,yes,377.7904,0,0
2022,HAI,HEG8,yes,yes,377.7904,1,0
2022,HAI,HEG9,yes,yes,104.7053,0,0
2022,HAI,HEG10,no,yes,10.917,1,0
2022,HAI,HEG11,no,yes,24.5098,1,0
2022,HAI,HEG12,no,no,806.3781,0,0
2022,HAI,HEG13,no,no,58.2074,1,121.26
2022,HAI,HEG14,no,no,0,1,40
2022,HAI,HEG15,no,no,42.0588,1,0
2022,HAI,HEG16,no,no,20.3378,0,0
2022,HAI,HEG17,no,no,49.4173,0,0
2022,HAI,HEG18,no,no,31.3614,0,0
2022,HAI,HEG19,no,no,49.4173,0,0
2022,HAI,HEG20,no,yes,90,0,0
2022,HAI,HEG21,no,yes,57.7438,0,0
2022,HAI,HEG22,no,no,7.6642,1,0
2022,HAI,HEG23,no,no,51.8424,2,0
2022,HAI,HEG24,no,no,0,1,0
2022,HAI,HEG25,no,no,0,1,0
2022,HAI,HEG26,no,yes,0,1,0
2022,HAI,HEG27,no,yes,0,1,68
2022,HAI,HEG28,no,yes,0,1,67.5
2022,HAI,HEG29,no,no,0,1,67.5
2022,HAI,HEG30,no,yes,0,1,71
2022,HAI,HEG31,no,no,55.6286,1,0
2022,HAI,HEG32,no,no,225.6214,1,97
2022,HAI,HEG33,no,yes,0,2,67.5
2022,HAI,HEG34,no,no,23.7087,1,126.6
2022,HAI,HEG35,no,no,198.895,1,126.6
2022,HAI,HEG36,no,no,87.7812,0,0
2022,HAI,HEG37,no,yes,0,1,0
2022,HAI,HEG38,no,no,91.7447,1,8.4
2022,HAI,HEG39,no,no,304.878,2,0
2022,HAI,HEG40,no,yes,136.5131,0,0
2022,HAI,HEG41,no,no,104.7053,0,0
2022,HAI,HEG42,no,yes,49.4173,0,0
2022,HAI,HEG43,no,yes,33.3333,0,0
2022,HAI,HEG44,no,yes,149.1329,0,0
2022,HAI,HEG45,no,no,32.0366,0,0
2022,HAI,HEG46,no,no,131.8621,1,0
2022,HAI,HEG47,no,no,0,1,0
2022,HAI,HEG48,no,yes,67.3077,1,27
2022,HAI,HEG49,no,no,20.0712,1,0
2022,HAI,HEG50,no,yes,25.0996,1,0
2022,SCH,SEG13,no,no,312.4865,2,41.9
2022,SCH,SEG33,no,yes,271.6258,0,0
2022,SCH,SEG34,no,no,170.1848,2,0
2022,SCH,SEG35,no,yes,97.5,1,23.88
2022,SCH,SEG36,no,no,188.5435,1,8.28
2022,SCH,SEG39,no,yes,208.0588,0,0
2022,SCH,SEG46,no,yes,801.8947,0,0
2022,SCH,SEG47,no,no,133.9355,0,0
2022,SCH,SEG49,no,no,201.6,0,0
2022,SCH,SEG6,yes,yes,303.4,1,39.56
2022,SCH,SEG9,yes,yes,309.7537,1,39.56
2022,SCH,SEG17,no,no,462.86,1,39.56
2022,SCH,SEG20,no,no,466.6869,1,39.56
2022,SCH,SEG21,no,no,385.7143,1,14.76
2022,SCH,SEG25,no,yes,0,2,48.6
2022,SCH,SEG48,no,no,363.1633,0,14.76
2022,SCH,SEG42,no,yes,339.4833,0,65.4
2022,SCH,SEG43,no,yes,488.1283,0,55.8
2022,SCH,SEG44,no,no,244.7541,0,55.8
2022,SCH,SEG45,no,no,168.3201,0,0
2022,SCH,SEG1,yes,yes,0,1,0
2022,SCH,SEG2,yes,yes,0,1,0
2022,SCH,SEG3,yes,yes,0,2,0
2022,SCH,SEG7,yes,yes,0,1,0
2022,SCH,SEG10,no,no,0,1,0
2022,SCH,SEG11,no,no,0,1,0
2022,SCH,SEG12,no,no,0,1,0
2022,SCH,SEG22,no,yes,0,1,0
2022,SCH,SEG24,no,no,0,0,0
2022,SCH,SEG28,no,no,0,1,0
2022,SCH,SEG14,no,no,32.1429,1,0
2022,SCH,SEG18,no,yes,137.454,0,0
2022,SCH,SEG29,no,no,208.1429,0,0
2022,SCH,SEG30,no,no,0,1,0
2022,SCH,SEG31,no,yes,0,1,0
2022,SCH,SEG32,no,yes,0,1,0
2022,SCH,SEG37,no,yes,42.465,0,0
2022,SCH,SEG38,no,yes,1228.5118,0,0
2022,SCH,SEG40,no,no,251.0627,0,0
2022,SCH,SEG41,no,no,306.5176,0,0
2022,SCH,SEG4,yes,yes,0,1,0
2022,SCH,SEG5,yes,yes,0,1,0
2022,SCH,SEG8,yes,yes,160.896,1,0
2022,SCH,SEG15,no,no,0,1,0
2022,SCH,SEG16,no,no,0,2,0
2022,SCH,SEG19,no,no,533.9245,0,0
2022,SCH,SEG23,no,yes,195.2,1,0
2022,SCH,SEG26,no,no,53.375,0,0
2022,SCH,SEG27,no,yes,0,1,0
2022,SCH,SEG50,no,yes,321.4286,0,0
2022,ALB,AEG1,yes,yes,32.6864,2,106.2
2022,ALB,AEG2,yes,yes,0,3,169
2022,ALB,AEG3,yes,yes,71.066,2,0
2022,ALB,AEG4,yes,yes,42.9171,1,40
2022,ALB,AEG5,yes,yes,62.549,1,40
2022,ALB,AEG6,yes,yes,59.63,1,59.6
2022,ALB,AEG7,yes,yes,28.5714,0,0
2022,ALB,AEG8,yes,yes,39.5062,1,0
2022,ALB,AEG9,yes,yes,41.9693,0,0
2022,ALB,AEG10,no,yes,19.3705,1,0
2022,ALB,AEG11,no,no,0,2,199
2022,ALB,AEG12,no,no,18.9831,2,75.4
2022,ALB,AEG13,no,no,35.6083,2,97.4
2022,ALB,AEG14,no,no,0,2,184
2022,ALB,AEG15,no,yes,0,3,284
2022,ALB,AEG16,no,no,409.8815,1,16.8
2022,ALB,AEG17,no,no,7.5758,2,0
2022,ALB,AEG18,no,yes,0,2,124.8
2022,ALB,AEG19,no,no,81.1096,0,30
2022,ALB,AEG20,no,yes,34.5205,0,0
2022,ALB,AEG21,no,yes,506.8259,1,58.8
2022,ALB,AEG22,no,yes,33.0579,1,80.585
2022,ALB,AEG23,no,no,81.6327,1,38.5
2022,ALB,AEG24,no,no,47.8723,2,66
2022,ALB,AEG25,no,no,37.8286,0,0
2022,ALB,AEG26,no,yes,316.0417,0,0
2022,ALB,AEG27,no,no,90.4977,0,0
2022,ALB,AEG28,no,no,71.7131,0,0
2022,ALB,AEG29,no,no,104.8714,1,16.8
2022,ALB,AEG30,no,yes,133.2487,2,77.6
2022,ALB,AEG31,no,yes,30.3738,1,22.4
2022,ALB,AEG32,no,no,46.81,0,0
2022,ALB,AEG33,no,yes,40.7503,0,0
2022,ALB,AEG34,no,no,48.8636,1,0
2022,ALB,AEG35,no,no,0,3,139.76
2022,ALB,AEG36,no,no,18.6722,2,128
2022,ALB,AEG37,no,no,0,3,120.7
2022,ALB,AEG38,no,yes,0,2,20
2022,ALB,AEG39,no,yes,0,3,84
2022,ALB,AEG40,no,no,796.1364,0,0
2022,ALB,AEG41,no,no,0,3,152
2022,ALB,AEG42,no,no,0,3,132
2022,ALB,AEG43,no,no,282.3871,1,0
2022,ALB,AEG44,no,yes,298.7069,0,0
2022,ALB,AEG45,no,yes,85.1613,1,22.05
2022,ALB,AEG46,no,yes,618.0147,0,0
2022,ALB,AEG47,no,no,62.5,0,0
2022,ALB,AEG48,no,no,78.125,0,0
2022,ALB,AEG49,no,yes,130.6306,0,0
2022,ALB,AEG50,no,no,0,2,0
2023,SCH,SEG38,no,yes,467.0376,0,0
2023,SCH,SEG1,yes,yes,0,2,0
2023,SCH,SEG2,yes,yes,0,2,0
2023,SCH,SEG4,yes,yes,0,2,0
2023,SCH,SEG5,yes,yes,0,2,0
2023,SCH,SEG7,yes,yes,0,2,0
2023,SCH,SEG8,yes,yes,112.1041,1,0
2023,SCH,SEG12,no,no,0,2,0
2023,SCH,SEG14,no,no,0,2,0
2023,SCH,SEG15,no,no,0,2,0
2023,SCH,SEG16,no,no,0,1,0
2023,SCH,SEG19,no,no,278.6574,1,0
2023,SCH,SEG23,no,yes,0,1,0
2023,SCH,SEG26,no,no,0,1,0
2023,SCH,SEG29,no,no,0,2,0
2023,SCH,SEG13,no,no,154.0541,2,28.2
2023,SCH,SEG33,no,yes,114.6861,0,0
2023,SCH,SEG34,no,no,100.4348,1,13.2
2023,SCH,SEG35,no,yes,159.4565,0,24.9
2023,SCH,SEG36,no,no,266.087,1,0
2023,SCH,SEG39,no,yes,103.2353,0,0
2023,SCH,SEG46,no,yes,403.5526,0,0
2023,SCH,SEG47,no,no,134.129,1,13.2
2023,SCH,SEG49,no,no,0,0,0
2023,SCH,SEG42,no,yes,640.7907,0,26.7
2023,SCH,SEG43,no,yes,577.9828,1,26.8
2023,SCH,SEG44,no,no,142.2295,1,19.5
2023,SCH,SEG45,no,no,262.8287,1,0
2023,SCH,SEG24,no,no,0,0,0
2023,SCH,SEG28,no,no,0,1,0
2023,SCH,SEG3,yes,yes,0,1,0
2023,SCH,SEG10,no,no,0,1,0
2023,SCH,SEG11,no,no,0,1,0
2023,SCH,SEG22,no,yes,0,1,0
2023,HAI,HEG1,yes,yes,0,1,0
2023,HAI,HEG2,yes,yes,33.4846,1,0
2023,HAI,HEG3,yes,yes,33.4846,1,0
2023,HAI,HEG4,yes,yes,0,2,0
2023,HAI,HEG6,yes,yes,21.7189,1,57.75
2023,HAI,HEG9,yes,yes,76.4561,0,0
2023,HAI,HEG10,no,yes,0,1,0
2023,HAI,HEG11,no,yes,0,1,0
2023,HAI,HEG12,no,no,806.3781,0,0
2023,HAI,HEG13,no,no,195.75,2,96.25
2023,HAI,HEG14,no,no,0,2,60
2023,HAI,HEG16,no,no,32.2297,0,0
2023,HAI,HEG17,no,no,28.4591,0,0
2023,HAI,HEG18,no,no,27.3699,0,0
2023,HAI,HEG19,no,no,28.4591,0,0
2023,HAI,HEG20,no,yes,55,0,0
2023,HAI,HEG21,no,yes,62.1415,0,0
2023,HAI,HEG22,no,no,54.7445,1,0
2023,HAI,HEG23,no,no,0,1,0
2023,HAI,HEG25,no,no,85.3659,0,0
2023,HAI,HEG26,no,yes,0,1,0
2023,HAI,HEG27,no,yes,0,1,59
2023,HAI,HEG28,no,yes,0,2,83.6
2023,HAI,HEG29,no,no,0,2,83.6
2023,HAI,HEG30,no,yes,0,2,86
2023,HAI,HEG31,no,no,6.1053,1,22.4
2023,HAI,HEG32,no,no,225.6214,1,88
2023,HAI,HEG33,no,yes,0,2,0
2023,HAI,HEG34,no,no,16.0034,1,57.75
2023,HAI,HEG35,no,no,165.7459,1,57.75
2023,HAI,HEG38,no,no,67.6596,1,0
2023,HAI,HEG39,no,no,114.1463,1,0
2023,HAI,HEG40,no,yes,234.5759,1,0
2023,HAI,HEG41,no,no,76.4561,0,0
2023,HAI,HEG42,no,yes,28.4591,0,0
2023,HAI,HEG43,no,yes,49.1607,0,0
2023,HAI,HEG44,no,yes,36.7283,0,0
2023,HAI,HEG45,no,no,9.497,0,0
2023,HAI,HEG46,no,no,46.2759,0,0
2023,HAI,HEG47,no,no,0,1,0
2023,HAI,HEG48,no,yes,0,2,0
2023,HAI,HEG50,no,yes,25.498,1,0
2023,HAI,HEG37,no,yes,0,2,0
2023,HAI,HEG7,yes,yes,684.738,0,0
2023,HAI,HEG8,yes,yes,684.738,0,0
2023,HAI,HEG49,no,no,17.8094,1,0
2023,HAI,HEG5,yes,yes,103.5992,1,138.95
2023,SCH,SEG6,yes,yes,313.82,0,30.46
2023,SCH,SEG9,yes,yes,754.5154,1,30.46
2023,SCH,SEG17,no,no,326.88,0,30.46
2023,SCH,SEG18,no,yes,44.6319,1,0
2023,SCH,SEG20,no,no,588.2316,1,30.46
2023,SCH,SEG21,no,no,584.0612,0,11.86
2023,SCH,SEG25,no,yes,0,2,41.1
2023,SCH,SEG27,no,yes,0,2,0
2023,SCH,SEG30,no,no,0,1,0
2023,SCH,SEG31,no,yes,70,1,0
2023,SCH,SEG32,no,yes,0,1,0
2023,SCH,SEG37,no,yes,36.875,1,0
2023,SCH,SEG40,no,no,202.257,0,0
2023,SCH,SEG41,no,no,307.1816,0,0
2023,SCH,SEG48,no,no,548.3846,1,11.86
2023,SCH,SEG50,no,yes,299.75,0,0
2023,HAI,HEG15,no,no,235.9477,1,0
2023,HAI,HEG36,no,no,86.625,0,2.24
2023,HAI,HEG24,no,no,0,1,0
2023,ALB,AEG1,yes,yes,24.5148,2,63.6
2023,ALB,AEG2,yes,yes,0,4,313
2023,ALB,AEG3,yes,yes,0,3,0
2023,ALB,AEG4,yes,yes,93.4298,1,29.4
2023,ALB,AEG5,yes,yes,70.3676,1,0
2023,ALB,AEG6,yes,yes,134.7977,1,14.7
2023,ALB,AEG7,yes,yes,58.022,0,0
2023,ALB,AEG8,yes,yes,39.5062,2,0
2023,ALB,AEG9,yes,yes,77.4818,0,0
2023,ALB,AEG10,no,yes,5.8111,1,0
2023,ALB,AEG11,no,no,0,2,66
2023,ALB,AEG12,no,no,21.6949,2,52.8
2023,ALB,AEG13,no,no,35.6083,2,44
2023,ALB,AEG14,no,no,0,3,147.4
2023,ALB,AEG15,no,yes,0,3,324
2023,ALB,AEG16,no,no,400.4991,1,33.6
2023,ALB,AEG17,no,no,0,3,0
2023,ALB,AEG18,no,yes,0,3,110.2
2023,ALB,AEG19,no,no,500.33,0,0
2023,ALB,AEG20,no,yes,34.5205,0,0
2023,ALB,AEG21,no,yes,339.4755,0,50.4
2023,ALB,AEG22,no,yes,9.2975,2,85.365
2023,ALB,AEG23,no,no,0,3,0
2023,ALB,AEG24,no,no,0,3,81.3
2023,ALB,AEG25,no,no,43.971,0,0
2023,ALB,AEG26,no,yes,317.7083,0,0
2023,ALB,AEG27,no,no,61.0264,0,0
2023,ALB,AEG28,no,no,71.2151,0,0
2023,ALB,AEG29,no,no,82.9605,1,50.4
2023,ALB,AEG30,no,yes,0,2,69.6
2023,ALB,AEG31,no,yes,50.2336,1,49.32
2023,ALB,AEG32,no,no,63.1068,0,0
2023,ALB,AEG33,no,yes,45.925,0,0
2023,ALB,AEG34,no,no,65.9091,1,0
2023,ALB,AEG35,no,no,0,2,118.82
2023,ALB,AEG36,no,no,14.9378,1,66
2023,ALB,AEG37,no,no,0,3,53.9
2023,ALB,AEG38,no,yes,46.875,2,129.6
2023,ALB,AEG39,no,yes,0,3,0
2023,ALB,AEG40,no,no,268.1818,0,0
2023,ALB,AEG41,no,no,0,3,157.3
2023,ALB,AEG42,no,no,0,3,160.5
2023,ALB,AEG43,no,no,0,2,0
2023,ALB,AEG44,no,yes,491.7241,0,0
2023,ALB,AEG45,no,yes,139.8065,1,15.68
2023,ALB,AEG46,no,yes,444.5221,0,0
2023,ALB,AEG47,no,no,61.5885,0,0
2023,ALB,AEG48,no,no,72.9167,0,0
2023,ALB,AEG49,no,yes,63.1068,0,0
2023,ALB,AEG50,no,no,0,2,0
2024,HAI,HEG24,no,no,0,2,0
2024,HAI,HEG5,yes,yes,169.9313,1,87
2024,HAI,HEG30,no,yes,0,2,121.55
2024,HAI,HEG14,no,no,0,2,250
2024,HAI,HEG18,no,no,67.3557,1,0
2024,HAI,HEG43,no,yes,50.2798,1,0
2024,HAI,HEG1,yes,yes,172.1884,1,26.95
2024,HAI,HEG2,yes,yes,22.1886,1,0
2024,HAI,HEG3,yes,yes,22.1886,1,0
2024,HAI,HEG12,no,no,768.2916,0,0
2024,HAI,HEG27,no,yes,0,1,0
2024,HAI,HEG32,no,no,241.0453,1,49
2024,HAI,HEG7,yes,yes,831.1503,0,0
2024,HAI,HEG8,yes,yes,831.1503,1,0
2024,HAI,HEG10,no,yes,61.1354,1,0
2024,HAI,HEG11,no,yes,0,1,0
2024,HAI,HEG26,no,yes,0,2,0
2024,HAI,HEG47,no,no,0,2,0
2024,HAI,HEG48,no,yes,0,2,0
2024,HAI,HEG49,no,no,0,2,0
2024,HAI,HEG50,no,yes,20.9163,1,0
2024,HAI,HEG38,no,no,112.4051,1,7.84
2024,HAI,HEG39,no,no,140.8537,0,0
2024,HAI,HEG4,yes,yes,0,2,660
2024,HAI,HEG23,no,no,0,1,0
2024,HAI,HEG28,no,yes,0,1,0
2024,HAI,HEG29,no,no,0,1,0
2024,HAI,HEG33,no,yes,0,2,0
2024,HAI,HEG40,no,yes,445.1937,0,0
2024,HAI,HEG20,no,yes,148.4,0,0
2024,HAI,HEG37,no,yes,0,1,0
2024,SCH,SEG1,yes,yes,189.9333,0,0
2024,SCH,SEG12,no,no,0,1,0
2024,SCH,SEG14,no,no,0,1,0
2024,SCH,SEG29,no,no,159.8028,1,0
2024,SCH,SEG3,yes,yes,0,2,0
2024,SCH,SEG10,no,no,0,1,0
2024,SCH,SEG11,no,no,0,1,0
2024,SCH,SEG22,no,yes,0,1,0
2024,SCH,SEG4,yes,yes,0,1,0
2024,SCH,SEG5,yes,yes,131.4,1,0
2024,SCH,SEG8,yes,yes,480.6963,1,0
2024,SCH,SEG15,no,no,131.4,1,0
2024,SCH,SEG16,no,no,0,2,0
2024,SCH,SEG19,no,no,252.9002,1,0
2024,SCH,SEG23,no,yes,0,2,0
2024,SCH,SEG26,no,no,72.27,2,0
2024,SCH,SEG42,no,yes,488.469,0,7.2
2024,SCH,SEG43,no,yes,274.2918,1,18.915
2024,SCH,SEG44,no,no,329.5738,0,13.44
2024,SCH,SEG45,no,no,127.5718,0,28
2024,SCH,SEG13,no,no,324.1635,2,16.8
2024,SCH,SEG33,no,yes,117.713,0,0
2024,SCH,SEG34,no,no,130.4348,2,9.9
2024,SCH,SEG35,no,yes,220.7609,2,21.6
2024,SCH,SEG36,no,no,295.6522,2,0
2024,SCH,SEG39,no,yes,110.8824,1,0
2024,SCH,SEG46,no,yes,412.4211,0,0
2024,SCH,SEG47,no,no,159.0323,1,9.9
2024,HAI,HEG36,no,no,182.8125,0,1.68
2024,HAI,HEG9,yes,yes,98.1228,0,0
2024,HAI,HEG41,no,no,98.1228,0,0
2024,HAI,HEG22,no,no,20.438,1,0
2024,HAI,HEG25,no,no,0,1,0
2024,HAI,HEG31,no,no,22.1053,2,25.76
2024,HAI,HEG13,no,no,47.9789,2,41.58
2024,HAI,HEG6,yes,yes,13.1583,1,65.45
2024,HAI,HEG34,no,no,13.1583,1,65.45
2024,HAI,HEG35,no,no,28.6188,1,65.45
2024,HAI,HEG21,no,yes,50.478,0,0
2024,HAI,HEG46,no,no,122.1379,0,0
2024,HAI,HEG15,no,no,125.2451,2,54
2024,HAI,HEG16,no,no,23.4628,1,0
2024,HAI,HEG17,no,no,2.9923,0,0
2024,HAI,HEG19,no,no,2.9923,0,0
2024,HAI,HEG42,no,yes,2.9923,0,0
2024,HAI,HEG44,no,yes,36.4335,1,0
2024,HAI,HEG45,no,no,34.1998,1,0
2024,SCH,SEG18,no,yes,95.1534,0,0
2024,SCH,SEG37,no,yes,162.5043,0,0
2024,SCH,SEG40,no,no,176.5622,0,0
2024,SCH,SEG41,no,no,255.2979,0,0
2024,SCH,SEG2,yes,yes,0,2,0
2024,SCH,SEG7,yes,yes,0,2,0
2024,SCH,SEG24,no,no,0,1,0
2024,SCH,SEG28,no,no,0,2,0
2024,SCH,SEG27,no,yes,0,1,0
2024,SCH,SEG30,no,no,12.9013,1,0
2024,SCH,SEG31,no,yes,12.9013,1,0
2024,SCH,SEG32,no,yes,12.9013,1,0
2024,SCH,SEG38,no,yes,578.7204,0,0
2024,SCH,SEG49,no,no,298,0,0
2024,SCH,SEG50,no,yes,17,0,0
2024,ALB,AEG1,yes,yes,0,2,44.1
2024,ALB,AEG2,yes,yes,0,3,30
2024,ALB,AEG3,yes,yes,0,2,0
2024,ALB,AEG4,yes,yes,42.5905,1,22.05
2024,ALB,AEG5,yes,yes,140.5901,1,110
2024,ALB,AEG6,yes,yes,161.6661,1,141.9
2024,ALB,AEG7,yes,yes,68.5714,0,0
2024,ALB,AEG8,yes,yes,51.8519,1,0
2024,ALB,AEG9,yes,yes,73.4463,0,0
2024,ALB,AEG10,no,yes,43.1598,1,0
2024,ALB,AEG11,no,no,0,3,0
2024,ALB,AEG12,no,no,0,2,110
2024,ALB,AEG13,no,no,0,2,88
2024,ALB,AEG14,no,no,0,2,140.05
2024,ALB,AEG15,no,yes,0,3,88
2024,ALB,AEG16,no,no,498.0724,1,61.04
2024,ALB,AEG17,no,no,0,3,0
2024,ALB,AEG18,no,yes,0,2,113.05
2024,ALB,AEG19,no,no,113.5922,1,95.4
2024,ALB,AEG20,no,yes,60.274,0,0
2024,ALB,AEG21,no,yes,254.6506,0,25.2
2024,ALB,AEG22,no,yes,0,2,85.365
2024,ALB,AEG23,no,no,0,3,0
2024,ALB,AEG24,no,no,0,3,142.275
2024,ALB,AEG25,no,no,50.7706,0,0
2024,ALB,AEG26,no,yes,206.25,0,0
2024,ALB,AEG27,no,no,217.1946,0,0
2024,ALB,AEG28,no,no,59.761,0,0
2024,ALB,AEG29,no,no,102.2914,1,52.08
2024,ALB,AEG30,no,yes,0,2,66
2024,ALB,AEG31,no,yes,63.0841,0,41.19
2024,ALB,AEG32,no,no,55.8252,0,0
2024,ALB,AEG33,no,yes,50.4528,0,0
2024,ALB,AEG34,no,no,90.1515,1,0
2024,ALB,AEG35,no,no,0,2,57.82
2024,ALB,AEG36,no,no,0,2,88
2024,ALB,AEG37,no,no,0,2,139.4
2024,ALB,AEG38,no,yes,0,2,104.22
2024,ALB,AEG39,no,yes,0,2,49
2024,ALB,AEG40,no,no,0,2,20
2024,ALB,AEG41,no,no,22.2635,2,118
2024,ALB,AEG42,no,no,0,3,102.75
2024,ALB,AEG43,no,no,0,1,0
2024,ALB,AEG44,no,yes,361.1574,1,0
2024,ALB,AEG45,no,yes,7.0968,2,11.76
2024,ALB,AEG46,no,yes,275.4044,0,0
2024,ALB,AEG47,no,no,67.7083,0,0
2024,ALB,AEG48,no,no,83.3333,0,0
2024,ALB,AEG49,no,yes,66.5742,0,0
2024,ALB,AEG50,no,no,0,2,0
2024,SCH,SEG6,yes,yes,883.0987,0,27.495
2024,SCH,SEG9,yes,yes,431.7385,1,27.495
2024,SCH,SEG17,no,no,266.4805,0,27.495
2024,SCH,SEG20,no,no,423.1256,1,27.495
2024,SCH,SEG21,no,no,671.1124,0,8.895
2024,SCH,SEG25,no,yes,0,2,22.5
2024,SCH,SEG48,no,no,534.4615,1,8.895
2025,HAI,HEG1,yes,yes,69.3449,1,50
2025,HAI,HEG10,no,yes,0,1,0
2025,HAI,HEG11,no,yes,0,1,0
2025,HAI,HEG12,no,no,586.0592,0,0
2025,HAI,HEG13,no,no,0,2,0
2025,HAI,HEG14,no,no,0,1,32.52
2025,HAI,HEG15,no,no,0,2,0
2025,HAI,HEG16,no,no,21.1036,1,0
2025,HAI,HEG17,no,no,35.2487,1,0
2025,HAI,HEG18,no,no,23.0221,0,0
2025,HAI,HEG19,no,no,35.2487,1,0
2025,HAI,HEG2,yes,yes,48.1089,2,50
2025,HAI,HEG20,no,yes,40.6456,0,0
2025,HAI,HEG22,no,no,0,4,0
2025,HAI,HEG23,no,no,79.2884,1,92.4
2025,HAI,HEG25,no,no,0,2,0
2025,HAI,HEG26,no,yes,0,1,0
2025,HAI,HEG27,no,yes,0,1,0
2025,HAI,HEG28,no,yes,0,1,0
2025,HAI,HEG29,no,no,0,2,0
2025,HAI,HEG3,yes,yes,48.1089,2,50
2025,HAI,HEG30,no,yes,0,3,74
2025,HAI,HEG31,no,no,21.4053,1,23.52
2025,HAI,HEG32,no,no,409.9426,1,0
2025,HAI,HEG33,no,yes,0,2,0
2025,HAI,HEG34,no,no,37.0449,1,77
2025,HAI,HEG35,no,no,64.9171,1,77
2025,HAI,HEG37,no,yes,0,1,0
2025,HAI,HEG38,no,no,104.3038,1,5.88
2025,HAI,HEG39,no,no,0,0,0
2025,HAI,HEG4,yes,yes,0,2,92.4
2025,HAI,HEG41,no,no,40.6456,0,0
2025,HAI,HEG42,no,yes,35.2487,1,0
2025,HAI,HEG43,no,yes,44.1647,1,0
2025,HAI,HEG44,no,yes,259.8497,0,0
2025,HAI,HEG45,no,no,31.8255,1,0
2025,HAI,HEG47,no,no,0,1,0
2025,HAI,HEG48,no,yes,134.6154,1,0
2025,HAI,HEG49,no,no,24.9332,1,0
2025,HAI,HEG5,yes,yes,76.5625,2,77
2025,HAI,HEG50,no,yes,42.3307,1,0
2025,HAI,HEG6,yes,yes,37.0449,1,77
2025,HAI,HEG7,yes,yes,22.779,1,0
2025,HAI,HEG8,yes,yes,22.779,1,0
2025,HAI,HEG9,yes,yes,40.6456,0,0
2025,HAI,HEG40,no,yes,302.534,0,0
2025,HAI,HEG21,no,yes,66.7304,0,0
2025,HAI,HEG46,no,no,222.9655,0,0
2025,HAI,HEG36,no,no,16.5625,1,15.12
2025,SCH,SEG1,yes,yes,141.7143,0,0
2025,SCH,SEG2,yes,yes,0,1,0
2025,SCH,SEG7,yes,yes,0,1,0
2025,SCH,SEG12,no,no,0,2,0
2025,SCH,SEG13,no,no,442.1622,1,47.6
2025,SCH,SEG14,no,no,0,1,0
2025,SCH,SEG24,no,no,0,1,0
2025,SCH,SEG28,no,no,0,1,0
2025,SCH,SEG29,no,no,0,1,0
2025,SCH,SEG33,no,yes,186.0465,0,0
2025,SCH,SEG34,no,no,75,1,9.9
2025,SCH,SEG35,no,yes,154.4565,1,9.9
2025,SCH,SEG36,no,no,189.3478,1,0
2025,SCH,SEG38,no,yes,578.7204,0,0
2025,SCH,SEG39,no,yes,248.7941,0,0
2025,SCH,SEG42,no,yes,475.7699,0,0
2025,SCH,SEG43,no,yes,246.7811,0,5.475
2025,SCH,SEG44,no,no,234.623,1,0
2025,SCH,SEG45,no,no,172.3077,0,0
2025,SCH,SEG46,no,yes,643.2105,0,0
2025,SCH,SEG47,no,no,146.7742,0,9.9
2025,SCH,SEG49,no,no,206.25,0,0
2025,HAI,HEG24,no,no,0,1,0
