"Longitude";"Lattitude";"Name"
"1";9.3419867529;48.3980050128;"AEG1"
"2";9.4727841247;48.3768572731;"AEG2"
"3";9.5323787503;48.4088814832;"AEG3"
"4";9.4188891246;48.3808884549;"AEG4"
"5";9.4392007081;48.3958758627;"AEG5"
"6";9.4416781078;48.401262153;"AEG6"
"7";9.3768471301;48.3914209811;"AEG7"
"8";9.4921245872;48.4226402847;"AEG8"
"9";9.5027923796;48.3946709269;"AEG9"
"10";9.2126008478;48.3787128703;"AEG10"
"11";9.3477155235;48.4853987987;"AEG11"
"12";9.3502309279;48.3891220871;"AEG12"
"13";9.3621982699;48.3916479693;"AEG13"
"14";9.5186692771;48.3757600015;"AEG14"
"15";9.4486539191;48.487881799;"AEG15"
"16";9.4554611349;48.40210764;"AEG16"
"17";9.5183688727;48.3993230386;"AEG17"
"18";9.5214424368;48.3829418675;"AEG18"
"19";9.4473185834;48.39764314;"AEG19"
"20";9.3564020806;48.4895088831;"AEG20"
"21";9.3572193006;48.4422038842;"AEG21"
"22";9.5134230403;48.4043813138;"AEG22"
"23";9.512354055;48.4189546956;"AEG23"
"24";9.4934922481;48.3964648774;"AEG24"
"25";9.2595965836;48.3954780011;"AEG25"
"26";9.4038818301;48.3951061598;"AEG26"
"27";9.4799316588;48.4191396371;"AEG27"
"28";9.492303341;48.4620734674;"AEG28"
"29";9.358324659;48.4168404068;"AEG29"
"30";9.4572977908;48.4562378064;"AEG30"
"31";9.4600244612;48.4587449338;"AEG31"
"32";9.485781341;48.4658332639;"AEG32"
"33";9.4910511483;48.4514222421;"AEG33"
"34";9.5005580665;48.4558776829;"AEG34"
"35";9.2884387238;48.4808866615;"AEG35"
"36";9.2992438253;48.4781611668;"AEG36"
"37";9.4135454726;48.3961509361;"AEG37"
"38";9.4252511339;48.4395441364;"AEG38"
"39";9.4256829259;48.3942180774;"AEG39"
"40";9.5665626636;48.4097972087;"AEG40"
"41";9.3984861338;48.3699446079;"AEG41"
"42";9.3760179249;48.3979885716;"AEG42"
"43";9.5420173244;48.4134228471;"AEG43"
"44";9.4349969019;48.3779957932;"AEG44"
"45";9.4579527081;48.4013333334;"AEG45"
"46";9.4348888005;48.3969714231;"AEG46"
"47";9.446157209;48.4192307705;"AEG47"
"48";9.4986696758;48.4218476697;"AEG48"
"49";9.5046227699;48.4567591994;"AEG49"
"50";9.4676487349;48.4056558727;"AEG50"
"51";10.4053629104;50.9716483376;"HEG1"
"52";10.4300100103;51.0007489248;"HEG2"
"53";10.4329488763;50.9980914934;"HEG3"
"54";10.4361803786;51.113362352;"HEG4"
"55";10.322526719;51.2158944134;"HEG5"
"56";10.3912208733;51.2149350553;"HEG6"
"57";10.4104125695;51.2735825557;"HEG7"
"58";10.4179445812;51.2712574671;"HEG8"
"59";10.3807872979;51.2238973736;"HEG9"
"60";10.4467607106;51.2751490188;"HEG10"
"61";10.4561779278;51.2806670523;"HEG11"
"62";10.5758197075;51.0772200104;"HEG12"
"63";10.3799460956;51.2596811245;"HEG13"
"64";10.4357998366;51.2940601984;"HEG14"
"65";10.4862323114;51.0680130317;"HEG15"
"66";10.4588433406;51.0334951155;"HEG16"
"67";10.4704560664;51.070504549;"HEG17"
"68";10.4246855814;51.2836635589;"HEG18"
"69";10.4732197941;51.0732375079;"HEG19"
"70";10.370980806;51.2210645074;"HEG20"
"71";10.7525686959;51.1907043424;"HEG21"
"72";10.3249271584;51.0307536694;"HEG22"
"73";10.3381864542;51.1343049651;"HEG23"
"74";10.3512145548;51.101066362;"HEG24"
"75";10.322341733;51.0233900146;"HEG25"
"76";10.3717252509;51.281500899;"HEG26"
"77";10.5969886442;51.0864472749;"HEG27"
"78";10.4969215328;51.265906526;"HEG28"
"79";10.4984272508;51.2641100338;"HEG29"
"80";10.3599108538;51.2018524729;"HEG30"
"81";10.2211956781;51.1703585041;"HEG31"
"82";10.5676100811;51.075510637;"HEG32"
"83";10.4259631657;51.1114363932;"HEG33"
"84";10.3869351606;51.2142917637;"HEG34"
"85";10.4111191881;51.219827364;"HEG35"
"86";10.510233429;51.0314465615;"HEG36"
"87";10.5144943419;51.032390748;"HEG37"
"88";10.3415352077;51.1162026908;"HEG38"
"89";10.3462476695;51.1202248042;"HEG39"
"90";10.4468140957;50.9668129807;"HEG40"
"91";10.3669167564;51.221025855;"HEG41"
"92";10.4647839624;51.0694413682;"HEG42"
"93";10.4358178074;51.3019709052;"HEG43"
"94";10.4796324688;51.0551983135;"HEG44"
"95";10.5085340367;51.0395333994;"HEG45"
"96";10.7535482021;51.2068950614;"HEG46"
"97";10.3719165024;51.2842003328;"HEG47"
"98";10.3801379532;51.286831328;"HEG48"
"99";10.3918830227;51.2789028874;"HEG49"
"100";10.4207739499;51.2765094035;"HEG50"
"101";13.969643613;53.0874201199;"SEG1"
"102";13.9800470219;53.0893068994;"SEG2"
"103";13.9856996404;53.1028343078;"SEG3"
"104";14.0018710945;53.1137541932;"SEG4"
"105";14.0005236583;53.1074526576;"SEG5"
"106";13.6228333298;53.1034952652;"SEG6"
"107";13.9770687275;53.0883827434;"SEG7"
"108";14.0170996354;53.1139706829;"SEG8"
"109";13.6125669145;53.0981819341;"SEG9"
"110";13.9975565113;53.1066189775;"SEG10"
"111";13.9929664034;53.1055917908;"SEG11"
"112";13.9651666142;53.0873902852;"SEG12"
"113";13.8190368943;52.9729737541;"SEG13"
"114";13.9802599328;53.0866128921;"SEG14"
"115";14.0091395643;53.1094117133;"SEG15"
"116";13.9991563761;53.1155376108;"SEG16"
"117";13.6259992127;53.098328709;"SEG17"
"118";13.8756098085;53.1373051619;"SEG18"
"119";14.0090911662;53.12451684;"SEG19"
"120";13.6153816683;53.1035166861;"SEG20"
"121";13.6111129329;53.1062437745;"SEG21"
"122";13.9738023393;53.1008363304;"SEG22"
"123";14.0259043152;53.1076629229;"SEG23"
"124";13.9960806945;53.0930375778;"SEG24"
"125";13.6179908205;53.1106282851;"SEG25"
"126";14.0184348694;53.1058313536;"SEG26"
"127";13.7073809813;53.1227841103;"SEG27"
"128";14.0060802647;53.0931214508;"SEG28"
"129";13.9986953531;53.090363765;"SEG29"
"130";13.8306804543;53.1481412744;"SEG30"
"131";13.8354379183;53.1490864835;"SEG31"
"132";13.832087364;53.1519292507;"SEG32"
"133";13.8425129961;52.9857854702;"SEG33"
"134";13.8471996774;52.9831350747;"SEG34"
"135";13.8483181227;52.980270272;"SEG35"
"136";13.8376434069;52.9869062127;"SEG36"
"137";13.8760304642;53.1349278101;"SEG37"
"138";13.6757639408;53.1157329748;"SEG38"
"139";13.8232869643;52.9809239074;"SEG39"
"140";13.8406712422;53.1157000428;"SEG40"
"141";13.8523423904;53.1221932473;"SEG41"
"142";13.9688288888;52.8706731952;"SEG42"
"143";13.9678274355;52.876577569;"SEG43"
"144";13.9651898491;52.8800593338;"SEG44"
"145";13.9593929333;52.8814555267;"SEG45"
"146";13.8263321419;52.9784378063;"SEG46"
"147";13.827582102;52.9872657751;"SEG47"
"148";13.6066414018;53.09720511;"SEG48"
"149";13.8565786823;52.9747334907;"SEG49"
"150";13.7503876671;53.1217783222;"SEG50"
