"longitude";"latitude";"site_name";"original_name";"sublist";"MAT";"MAT_range_diurn";"Isothermality";"MAT_Seasonality";"MaxMAT";"MinMAT";"MAT_range";"MATwet";"MATdry";"MATwarm";"MATcol";"MAP";"MAPwet";"MAPdry";"MAP_Seasonality";"MAPwetQ";"MAPdryQ";"MAPwarmQ";"MAPcoldQ";"Elevation"
"1";10.2211956781;51.1703585041;"HEG31";"HEG31 (H20003)";"H";8.08120093116345;7.86731420427044;31.7577417991452;640.050721989413;21.7167726376467;-3.05337580908297;24.770148453451;14.5754949282509;3.6491889211245;16.0495700841388;0.343725892619131;793.872357871776;80.2872126098915;50.6397120022738;13.6923631281524;226.515528710565;168.028543027112;225.16682184762;189.443050715531;446.400141995786
"2";10.322341733;51.0233900146;"HEG25";"HEG25 (H37029)";"H";8.24029157447782;8.33206115756531;32.6983274876913;651.149169414698;22.4159324593856;-3.06558524721173;25.4815174156119;14.8476999473666;3.79308714545316;16.3505382669042;0.381928717032823;729.35804406655;79.0989874787502;47.0231337159002;14.8994540446146;212.33857577135;153.0462674318;212.2917088334;171.833199555701;308.241836663591
"3";10.322526719;51.2158944134;"HEG05";"HEG5 (H20816)";"H";7.57164008200708;7.62984680974042;31.0141111318962;640.664261378923;21.1849229605857;-3.41412815399256;24.599051715383;4.57053071645174;3.04970640726129;15.5464105294744;-0.142250407497102;889.886086223719;89.3827200965144;56.7094573454096;12.6284816422578;245.638886353734;193.301465170953;241.082733889734;224.189738058193;448.543914044685
"4";10.3249271584;51.0307536694;"HEG22";"HEG22 (H37447)";"H";8.25906795527609;8.3109047826453;32.6633241093648;650.343614576053;22.4096945281407;-3.03417026109419;25.4438646743138;14.8643242328023;3.81704398180933;16.3587614428441;0.407902724879686;725.133039016204;78.7510654758955;46.4419672157909;15.0881124925849;212.003364565077;151.883934431582;211.836286693982;170.027649845773;329.522606800861
"5";10.3381864542;51.1343049651;"HEG23";"HEG23 (H20426)";"H";7.83793119908485;7.59564454190855;31.0798347300516;640.145755680118;21.2917662027356;-3.14266933340508;24.4344356267673;15.2385140340371;3.39027413178593;15.8059228803286;0.112625223576411;824.428178299679;84.6373175222254;52.8078843141382;13.327758720686;230.061797648363;177.207406289164;230.061797648363;201.737270245076;332.376368223174
"6";10.3415352077;51.1162026908;"HEG38";"HEG38 (H20433)";"H";7.99216144286977;7.71196991262485;31.364710649544;641.186749169228;21.5521338840516;-3.03138102436565;24.5835146499558;15.5299564918889;3.560146430937;15.9724905992531;0.248618503620174;788.531945662561;82.4068443269964;50.9023954784947;13.813777853183;223.753562701491;168.259839679891;223.753562701491;189.445706998589;312.452272113615
"7";10.3462476695;51.1202248042;"HEG39";"HEG39 (H20436)";"H";7.92793154437345;7.64335441418838;31.2048264579511;640.540636577192;21.4290629148056;-3.0608516201745;24.4899143277731;15.6233776322311;3.49061524188415;15.9016457078092;0.196910074514375;802.336216226203;83.313246102164;51.8110415324461;13.5901064843179;226.05126413861;171.79875158421;226.05126413861;194.194936925692;303.670192045831
"8";10.3512145548;51.101066362;"HEG24";"HEG24 (H20438)";"H";8.0673210589036;7.76303481065046;31.4865175908994;641.947493889855;21.6837184557955;-2.96919229574169;24.6529101858569;15.8549247351408;3.64147493657419;16.0581786038644;0.313119904768538;769.351467328423;81.3656479368373;50.0821189340557;14.0488224673265;220.383903176911;163.529885804949;220.378631367902;182.831670047805;338.199542353495
"9";10.3599108538;51.2018524729;"HEG30";"HEG30 (H20825)";"H";7.80194740558725;7.69224662097068;31.3532663388939;638.59915221374;21.3516446002274;-3.17598272849218;24.5276273276225;15.6824105299758;3.32611056759622;15.7538632147542;0.110897163140136;823.067883665891;83.5713675213351;52.3031720414666;13.4817232170961;230.341808398538;176.292995587873;230.294321063404;202.55986559221;383.331133472247
"10";10.3669167564;51.221025855;"HEG41";"HEG41 (H888)";"H";7.96505170257386;7.9527684921184;31.9563954283934;641.134386009459;21.7648310235161;-3.11647118981363;24.8813021101792;15.5764422033866;3.49085804223075;15.9469150138421;0.235718931484491;787.36567000842;81.0123609854015;50.4351729550997;13.9715463392967;224.488524060304;167.084260218505;224.242308448353;189.503400018958;349.706944895361
"11";10.370980806;51.2210645074;"HEG20";"HEG20 (H30205)";"H";7.99970616581817;7.98776621888605;32.0516478683781;641.337120359558;21.8247490169872;-3.09170190049061;24.9164507811806;15.4957947831083;3.52904119750272;15.9849178630256;0.267815266751364;779.245755656324;80.4462347261946;49.8107296590962;14.1626709739723;223.122904665087;164.956512525681;222.797834281937;186.750695836523;341.449724919573
"12";10.3717252509;51.281500899;"HEG26";"HEG26 (H2815)";"H";7.93729444451299;8.11787854975209;32.2940519988264;642.781395404064;21.9077469511444;-3.22798545282663;25.1357318942363;14.3753906377916;3.44755332401367;15.9355379784008;0.192557087605049;809.096710014041;81.6402324128733;52.2681253142863;13.6138451485838;229.265166547103;172.210719458989;228.941499445745;195.734866349276;336.248303604194
"13";10.3719165024;51.2842003328;"HEG47";"HEG47 (H2818)";"H";7.91721306686421;8.1036794838417;32.2578480488934;642.65476543283;21.8794440514896;-3.24033528196122;25.1197788414766;13.9373629389918;3.42510467829413;15.9136001104344;0.175443338978875;814.540647547703;82.0195902993438;52.604939188749;13.539663899651;230.281613085667;173.633356319217;229.871624272286;197.559103495166;328.050790649208
"14";10.3799460956;51.2596811245;"HEG13";"HEG13 (H4651)";"H";8.06898048712665;8.19348980513966;32.5152902580124;643.406474681034;22.078842501779;-3.11883718351168;25.1976791490876;15.8280319298566;3.59649224885659;16.0772028880407;0.308957965653193;771.467861148066;79.5334446134804;49.4732169127584;14.3229038417952;222.399541516678;162.695573541357;222.233942913438;183.334389057355;290.081457709583
"15";10.3801379532;51.286831328;"HEG48";"HEG48 (H5053)";"H";7.90223379823004;8.09814249408857;32.2460387554709;642.72554552113;21.8641251078015;-3.2467621982561;25.1108868743636;12.4381777465358;3.40889111403496;15.8989243888264;0.160514735792404;817.640687239172;82.6751743922678;52.5659203838813;13.612090475384;231.10361415049;174.676797283171;230.385650016534;198.626669539053;320.140507547496
"16";10.3807872979;51.2238973736;"HEG09";"HEG9 (H30212)";"H";8.09147091991337;8.09555310960756;32.3319039164069;642.107233438502;22.0018845181003;-3.03330326487395;25.0351875361155;15.2484472930764;3.62822841833537;16.0882004248505;0.349692364600447;758.43040542561;78.9881899113151;48.2579619320563;14.6352245120498;219.663459319488;159.500321965202;219.105360788658;179.625511121005;320.405220569387
"17";10.3869351606;51.2142917637;"HEG34";"HEG34 (H30402)";"H";8.11929795226294;8.06949116522138;32.3059104166688;641.443068454748;21.9850405839153;-2.98866400560914;24.973704415333;15.3480931807836;3.66552828627665;16.108981683441;0.386047521153379;749.288431424344;78.3727369145961;47.4338149668966;14.8914204551608;217.96806654249;157.124913419486;217.46238131264;176.72636747403;308.537098571892
"18";10.3912208733;51.2149350553;"HEG06";"HEG6 (H30409)";"H";8.16014445370514;8.1135484572841;32.4221544201695;641.730858703698;22.0598537383923;-2.96142347535316;25.0212770069515;15.2730637089163;3.7100270588733;16.1541259618494;0.422949939875592;739.74614444229;77.7047360738208;46.7398146797089;15.099839889359;216.364931991352;154.632624819572;215.779379487496;173.45079154576;296.656083659172
"19";10.3918830227;51.2789028874;"HEG49";"HEG49 (H8020)";"H";8.0111551980646;8.1911697805975;32.4971160837325;643.634642804626;22.0320645128463;-3.17113648777799;25.2032004707815;13.4842621315625;3.53164510103345;16.0193327237014;0.250849953445077;787.956585665042;81.1547255446972;50.2638399059517;14.2280416973243;225.890420271225;167.253122019577;225.364496258192;188.710631223129;306.006335391808
"20";10.4053629104;50.9716483376;"HEG01";"HEG1 (H4580)";"H";8.27129107254291;8.25678471611013;32.4221898012505;652.860337055183;22.4313078716491;-3.03131703637021;25.4626253503066;14.980755106742;3.83748641833112;16.3897429635976;0.357253623282593;693.2661538985;78.8182994944008;43.7287611605585;16.4805050054039;206.407889139201;144.212185493285;206.268717623443;160.975213465528;289.956030298355
"21";10.4104125695;51.2735825557;"HEG07";"HEG7 (H12850)";"H";8.09950083844768;8.29164626913676;32.7111563594547;645.137281928745;22.2211036844878;-3.12573420303586;25.3468371462652;15.1718831032056;3.62446885603774;16.128295130477;0.317179855199962;764.685569289036;79.4220669964063;48.332998679803;14.6425285315666;221.589923681613;161.269544426807;221.36889269141;180.364796735016;285.014628599308
"22";10.4111191881;51.219827364;"HEG35";"HEG35 (H30417)";"H";8.31984902401734;8.32617271283445;32.9059576789695;644.617778661485;22.4149018694139;-2.88423075742263;25.2991324550882;15.058636478667;3.87207966015855;16.3527181524851;0.548030762012331;709.060866513948;75.5325579423988;44.083468114868;16.0838106722531;211.391882793267;146.699494172135;210.616026057267;162.985364175142;263.607060017064
"23";10.4179445812;51.2712574671;"HEG08";"HEG8 (H14707)";"H";8.13624771491136;8.33364979161289;32.7942443627744;645.756117013664;22.3024587436461;-3.10917111557945;25.411629025868;16.0261585490479;3.66224383826743;16.1738896946099;0.345431348732155;755.45344236607;78.5921049677227;47.5765239562609;14.7683533107214;219.775955146645;158.877122858921;219.740015714384;176.943959678905;289.579704359456
"24";10.4207739499;51.2765094035;"HEG50";"HEG50 (H15457)";"H";8.05806728958197;8.27922621466723;32.6367122403905;645.606304665847;22.2018080525704;-3.16370515626627;25.3655124613435;14.115609446706;3.5736116319893;16.0935690511083;0.273825660741987;774.800281599104;80.0629902488559;48.8452233036277;14.5073030382086;223.541909399312;163.877309400855;223.051691086084;183.423266113339;296.727108520432
"25";10.4246855814;51.2836635589;"HEG18";"HEG18 (H16581)";"H";7.94924863619539;8.20445569150014;32.4202374186085;645.451194453599;22.0629370470739;-3.23948948768395;25.3024258972322;11.5085201183666;3.45032313812417;15.9823649865942;0.173197512961034;801.456536682677;82.1211739361227;50.6000243524614;14.1615679856897;228.782354307446;170.743085516923;227.645353896584;192.385029669507;308.761434833542
"26";10.4259631657;51.1114363932;"HEG33";"HEG33 (H20508)";"H";7.99328302472638;7.79130914908616;31.6313199305934;640.357690546939;21.6401618583716;-2.98331624413499;24.6234774484418;15.968253375681;3.5370775172032;15.968253375681;0.286776843035477;760.83546923264;81.2655166447996;48.6043462604134;14.4311881623403;218.361685359199;162.622877518167;218.361685359199;181.568326739044;316.718169088151
"27";10.4300100103;51.0007489248;"HEG02";"HEG2 (H8302)";"H";8.10161082005738;8.19350684476146;32.4041162961099;650.018742490872;22.1338144636433;-3.14964970248923;25.2834642725073;15.4754647654417;3.66272879395903;16.1829231505665;0.235001855247476;729.646487050587;81.8579078172562;46.2238893966279;15.8669153540986;213.874361254826;153.609762772882;213.874361254826;172.345164290938;286.652128751274
"28";10.4329488763;50.9980914934;"HEG03";"HEG3 (H8709)";"H";8.10583320000395;8.19744455614321;32.4074829874064;650.149103561735;22.1440213807647;-3.14904065587196;25.2930621029338;15.3876898229358;3.66726724105887;16.1883949401221;0.236270040840428;727.777249020033;81.8540835303212;46.0625313691602;15.9687831564293;213.584566960822;153.111300270343;213.584566960822;171.638033579864;285.999470555889
"29";10.4357998366;51.2940601984;"HEG14";"HEG14 (H19568)";"H";7.78235267334559;8.10362122981857;32.1053874027545;645.762939492117;21.8752140680542;-3.36055734886608;25.235770877113;7.70516926215073;3.25927316635588;15.8189490881769;0.0116070824794102;841.104172286549;85.2420939577014;53.1499503668502;13.7077503314461;236.788052563402;180.850547282499;234.581019449351;205.668143991051;369.374478579959
"30";10.4358178074;51.3019709052;"HEG43";"HEG43 (H19577)";"H";7.65723360026182;8.01095581967176;31.8563122624725;645.393238580029;21.7003984833978;-3.44296272575558;25.1433608068097;4.81084761508964;3.11958368750926;15.6880856910796;-0.102886129442789;871.397890623705;87.6949539840917;55.2305210648459;13.3361396973483;242.833345694583;188.619402278492;239.874309325738;216.071860079429;405.666634272996
"31";10.4361803786;51.113362352;"HEG04";"HEG4 (H20510)";"H";8.09348212872459;7.92641012814545;31.9569116463617;641.535246770007;21.8670073925943;-2.92975660685142;24.796763413317;16.0821597424447;3.64075721250658;16.0821597424447;0.369265045596769;735.194969276276;79.4244538976002;46.9546674650825;14.9402280724892;213.943920536;156.25419025441;213.943920536;172.955692769074;281.917225668085
"32";10.4467607106;51.2751490188;"HEG10";"HEG10 (H22151)";"H";8.04956967286889;8.31252998868249;32.655706245439;647.028564215371;22.2660233426834;-3.18713718642788;25.4531599930094;14.5947800355715;3.55598604592605;16.10295293235;0.249961774354055;773.867483070468;79.7679873774507;48.737050335553;14.4964937053377;223.18045405905;163.687330895254;222.697086463403;182.758131181356;326.047363542753
"33";10.4468140957;50.9668129807;"HEG40";"HEG40 (H30615)";"H";8.16904278309453;8.15284001745185;32.2085350053726;651.377392404604;22.2362204830659;-3.07255170502662;25.3087719891202;15.4651653698554;3.72684320691752;16.2659673102223;0.279341680687028;707.109654288543;80.7502386971157;44.683962171031;16.5081945400472;209.276939097431;147.790763772293;209.276939097431;165.52145310364;311.146604531158
"34";10.4561779278;51.2806670523;"HEG11";"HEG11 (H24761)";"H";7.93294929139767;8.23141287239401;32.4354244513617;647.01075355858;22.112128779065;-3.26200310503585;25.3741317212466;12.5461396550615;3.42559055953754;15.9830529128285;0.137687988125881;799.19479320949;81.8588649201084;50.6235248131285;14.1714761049782;228.239581303306;170.285291674145;226.978156486836;191.722640184763;354.566592927372
"35";10.4588433406;51.0334951155;"HEG16";"HEG16 (H12643)";"H";7.83767711590828;7.87074338731024;31.7128244825283;645.133616867813;21.5677602115984;-3.24415116036473;24.8119119293775;15.8576010825586;3.37510442027743;15.8576010825586;0.0497388508469679;781.84318856118;85.2940152650528;49.9544772473264;14.7042795541071;223.291321443706;167.539813956085;223.291321443706;189.321589046737;374.680197721239
"36";10.4647839624;51.0694413682;"HEG42";"HEG42 (H13708)";"H";7.65034684392803;7.57072696007784;31.0552182581967;639.842569177615;21.1286628926856;-3.24620588116271;24.3748693411147;15.6189251210757;3.15893496103408;15.6189251210757;-0.0350219906438025;828.88714315944;87.6276743618219;53.0183653675333;13.5798076410809;230.215765779866;180.97045003471;230.215765779866;205.16148430831;471.850198586651
"37";10.4704560664;51.070504549;"HEG17";"HEG17 (H14529)";"H";7.6714261090003;7.60102680588422;31.1219636735718;640.13864140859;21.1811865454695;-3.23829047520444;24.4194775964489;15.643644063029;3.17853924914842;15.643644063029;-0.018574561393807;821.756802487134;87.1761760099056;52.6005556316581;13.717959377078;229.065401437716;179.146736041527;229.065401437716;202.835862270327;452.17435490893
"38";10.4732197941;51.0732375079;"HEG19";"HEG19 (H20606)";"H";7.71465443232829;7.64254906837193;31.2244982477697;640.403041620614;21.2609171238982;-3.21044796026289;24.4713656326903;15.6899730825933;3.22364333277216;15.6899730825933;0.0200014353564856;810.944409561449;86.3815833450228;51.9337639687335;13.917155533996;227.206351551868;176.288819948312;227.206351551868;199.254968125113;437.48363178116
"39";10.4796324688;51.0551983135;"HEG44";"HEG44 (H20215)";"H";7.64250482812431;7.6264876456058;31.1323005589812;641.603550789514;21.1903123303453;-3.30249600208407;24.4928090883945;15.6288368707502;3.14548990189525;15.6288368707502;-0.075202431208148;822.149327711353;87.7325177778023;52.7101592754018;13.8111429672965;229.712095510207;179.151429541417;229.712095510207;202.861588816819;432.792389405854
"40";10.4862323114;51.0680130317;"HEG15";"HEG15 (H16781)";"H";7.69504912467823;7.66342446065982;31.23912129475;641.515174099449;21.2777965638154;-3.2489001082456;24.5266973593056;15.6837483452614;3.19394839127974;15.6837483452614;-0.0151246261123823;810.702763958778;86.9111317349517;51.836606309351;14.0441576896339;227.622321817654;176.193984711184;227.622321817654;199.008154021459;430.326445696737
"41";10.4969215328;51.265906526;"HEG28";"HEG28 (H20535)";"H";7.99903505671688;8.28094535116346;32.6232491108535;647.969151465993;22.1631986944567;-3.21799337126444;25.3811924164872;15.9512198976784;3.49401458428732;16.0554496962304;0.186794168017674;772.279751026294;79.6662710437114;49.1932975397113;14.5212916805767;222.066671019645;163.550369569535;222.066671019645;182.997626262268;337.996487855829
"42";10.4984272508;51.2641100338;"HEG29";"HEG29 (H20537)";"H";8.01897509590694;8.29413507216782;32.6588388767988;648.146023033889;22.1892397830472;-3.20411849691154;25.3933585588476;15.9443080867239;3.51532254409199;16.0775873033728;0.204060841906744;767.948486462322;79.4195099528424;48.7740731976423;14.6624945721522;221.34530011377;162.408086820128;221.34530011377;181.517059717055;346.607206381557
"43";10.5085340367;51.0395333994;"HEG45";"HEG45 (H20258)";"H";7.97322606267013;8.02641375249692;32.0481408082211;648.250545935418;21.8805324945121;-3.15883096866612;25.0393637368979;16.0305299609831;3.48936210925585;16.0305299609831;0.141040472549503;737.031356630842;83.0993314702773;46.6896977086765;15.9524103701638;216.246772773232;155.884960859943;216.246772773232;173.57465856862;376.719069506144
"44";10.510233429;51.0314465615;"HEG36";"HEG36 (H20241)";"H";8.04666058731014;8.11264126471053;32.2507032042608;649.584503214872;22.0241106834586;-3.12691199253048;25.1510226868156;16.115914299652;3.57239693897052;16.115914299652;0.187316258975873;718.92179105581;81.9119818701246;45.4207772781239;16.4001577099368;213.226190886374;151.036085182876;213.226190886374;167.456862461;325.16413642801
"45";10.5144943419;51.032390748;"HEG37";"HEG37 (H20245)";"H";8.05952157358018;8.13042085508865;32.293621767659;649.911351588131;22.0549600712144;-3.118226080572;25.1731860728706;16.1332252582943;3.58284983003412;16.1332252582943;0.196653744888174;715.275606436814;81.7755595789515;45.0798311677506;16.5174383593728;212.646680675254;150.104948691064;212.646680675254;166.184779858814;319.564544885743
"46";10.5676100811;51.075510637;"HEG32";"HEG32 (H20106)";"H";8.22924206444737;8.32387830577341;32.6439802583265;652.141562496399;22.5277293477541;-2.96767699108039;25.4954061726612;16.3355232893334;3.74364645145208;16.3355232893334;0.361346323239714;678.558791301765;79.2949693994941;42.2566738032001;17.7680928629512;206.239387914694;140.745082869894;206.239387914694;152.541920898988;294.304335753191
"47";10.5758197075;51.0772200104;"HEG12";"HEG12 (H20116)";"H";8.26610887072735;8.3653970330535;32.7250931098177;652.720732928782;22.6180691100887;-2.94051309756722;25.5585822396627;16.3777100610212;3.78615796982266;16.3777100610212;0.390339613583101;670.716799933794;78.6473461933653;41.5344120432006;18.0666747567283;204.828477986966;138.776011028566;204.828477986966;149.810244741131;281.016287300854
"48";10.5969886442;51.0864472749;"HEG27";"HEG27 (H20121)";"H";8.41296879450857;8.52857586686615;33.065188711028;654.345043493725;22.9557224904138;-2.8329165744433;25.7886394484687;16.5397046542475;3.95530039222588;16.5397046542475;0.512911962988727;642.032918131428;76.2223919067051;38.7466682975996;19.1302378789316;199.394325606705;131.439932294704;199.394325606705;139.984065935809;234.819226956518
"49";10.7525686959;51.1907043424;"HEG21";"HEG21 (H30909)";"H";8.27835009087557;8.330188317826;32.3725641109549;657.215763726148;22.8592523820487;-2.87280576523533;25.7320574907929;15.5727373134376;2.44233521881008;16.4212765296599;0.322706345328601;627.281427965799;73.0305110319991;37.1843194671989;18.9913300273299;195.730086015197;129.000791790322;195.21163046756;132.18511125752;293.436650706857
"50";10.7535482021;51.2068950614;"HEG46";"HEG46 (H30915)";"H";8.18044873188096;8.27686606251717;32.2266229738034;655.719580143502;22.7444156906722;-2.93842761928177;25.682843100753;15.7961254678712;2.86174633329148;16.3080376311475;0.25106110182728;644.112885295443;73.7606492463991;38.6916121935988;18.0443197055613;198.332586063197;133.568957602819;198.019808885809;138.260569796418;278.014165170384
"51";13.6066414018;53.09720511;"SEG48";"SEG48 (S995)";"S";8.57559914012728;7.49895292614868;29.5176967101042;680.973900252354;22.5118072131824;-2.89282649777574;25.4046333046075;17.0054717474392;3.86255127529938;17.0054717474392;0.30593403959104;560.917091269415;71.3935483632005;31;26.7094963450659;191.570549056307;99.1770006931068;191.570549056307;115.511155413107;54.2304876053102
"52";13.6111129329;53.1062437745;"SEG21";"SEG21 (S988)";"S";8.57665367676307;7.51434438873813;29.5541404702385;681.44756972131;22.5318543258557;-2.89376597599445;25.4256199799063;17.0127181044751;3.86327610656376;17.0127181044751;0.300054389018607;558.892525616759;71.1168598016003;30.9501494120001;26.7480844200783;191.158399778653;98.9501494120001;191.158399778653;114.900298824;51
"53";13.6125669145;53.0981819341;"SEG09";"SEG9 (S990)";"S";8.57421006826564;7.49836298659756;29.5189618624682;680.928062420048;22.5139050581551;-2.88767805532695;25.4015827805698;17.0041537196888;3.86194302349013;17.0041537196888;0.305625385675345;560.839490114368;71.4888731112006;31;26.7517292546806;191.661464077184;99.1725909659833;191.661464077184;115.459858129184;51
"54";13.6153816683;53.1035166861;"SEG20";"SEG20 (S980)";"S";8.57830008703531;7.51403394435909;29.5538065777609;681.459929150787;22.535154572594;-2.889722385792;25.424876672781;17.0150851913368;3.86519576738846;17.0150851913368;0.302136152997105;559.449152450952;71.3003591064005;31;26.7682774466785;191.320157411076;99.0197983046754;191.320157411076;115.050997371876;51.4846572681266
"55";13.6179908205;53.1106282851;"SEG25";"SEG25 (S1007)";"S";8.56581063073824;7.5020064405039;29.5257681581567;681.011407196122;22.5197366988512;-2.88845895902179;25.4081954926352;16.9972689170667;3.85413867441858;16.9972689170667;0.295655095284553;558.402029448299;71.1767008496004;30.8449211576001;26.8279567916556;191.280327681433;98.8449211576001;191.280327681433;114.6898423152;55.0928983808293
"56";13.6228333298;53.1034952652;"SEG06";"SEG6 (S1012)";"S";8.57565497337249;7.50859733700579;29.5419149404118;681.302147419861;22.5335426596461;-2.88316102802268;25.4167035265023;17.0113694251919;3.86362070070324;17.0113694251919;0.302408458907257;559.639687716807;71.4802271856004;31;26.8259623231659;191.503559728004;99.0233325424032;191.503559728004;115.055559812803;53.2159061299817
"57";13.6259992127;53.098328709;"SEG17";"SEG17 (S1015)";"S";8.56918623009894;7.48998957726021;29.5052249782953;680.607615835941;22.5104806984638;-2.87457068546996;25.385051227764;16.9966597415778;3.85910427963984;16.9966597415778;0.30625768306956;561.212032945183;71.8042030728005;31;26.8505750229257;192.017729564992;99.2135264921911;192.017729564992;115.493748460191;54.0046616836524
"58";13.6757639408;53.1157329748;"SEG38";"SEG38 (S1044)";"S";8.5140357318295;7.50846938222251;29.5677971346412;679.137588911633;22.5186060627541;-2.87527583583398;25.3938818620162;16.9255548997649;3.81069695411073;16.9255548997649;0.270210744121957;556.143196181941;72.2413396859399;30.7224086048002;27.3568753342145;192.24133968594;98.2034775236605;192.24133968594;113.52707913234;60.6268821641284
"59";13.7073809813;53.1227841103;"SEG27";"SEG27 (S1051)";"S";8.50009827004544;7.5724070911953;29.746832939691;678.795199223721;22.5741469029183;-2.88089873723991;25.4550455105174;16.9094181714367;3.80030728482162;16.9094181714367;0.263375788003075;552.486255722728;72.1063627056;30.5531813528;27.5449272445827;192.157112984665;97.7868033639326;192.157112984665;112.233150786265;60.6539139540696
"60";13.7503876671;53.1217783222;"SEG50";"SEG50 (S1052)";"S";8.53081358344268;7.65690577125682;29.9592917790215;679.595017343766;22.6925103621629;-2.86310879690821;25.5556191439293;16.9544554611519;3.83511408722151;16.9544554611519;0.290504103119133;547.671996202399;71.3513049966294;30.3620477841701;27.6947366856775;191.50594553103;97.4408068285106;191.50594553103;110.65272083217;69.5175198545199
"61";13.8190368943;52.9729737541;"SEG13";"SEG13 (S719)";"S";8.6074862815526;7.52939296597412;29.5057391353056;679.796095038006;22.6755322507988;-2.84209174874392;25.517623513555;17.0313276722577;3.88714814462815;17.0313276722577;0.396737463532103;585.501828439611;76.1088009074421;31.8513700984;26.8058751401819;200.390998401284;104.9917444384;200.390998401284;121.696513766084;64.6305558916011
"62";13.8232869643;52.9809239074;"SEG39";"SEG39 (S780)";"S";8.60011467059667;7.52265956524928;29.5006932809645;679.20503657638;22.6584303530703;-2.84092888506276;25.49935882598;17.0171231479841;3.88147734786463;17.0171231479841;0.399172425917797;582.952804667197;75.3869599095995;32;26.7065121170962;199.624010555198;104.614591524;199.624010555198;120.851642169599;72.6931499114929
"63";13.8263321419;52.9784378063;"SEG46";"SEG46 (S779)";"S";8.59915318469522;7.53885001842444;29.5361209070801;679.583598797079;22.6748303471861;-2.84857924875337;25.5234091913109;17.0210061798572;3.88234714144388;17.0210061798572;0.393493483335628;583.534426327152;75.3827280759903;31.9825073511999;26.675320647122;199.726385071181;104.6855212432;199.726385071181;121.075849125581;70.0920236909748
"64";13.827582102;52.9872657751;"SEG47";"SEG47 (S801)";"S";8.59131230394913;7.53860947886266;29.5625324138624;678.647399439093;22.6590899232408;-2.84089375549934;25.4999833257348;17.0011493067039;3.88423481226829;17.0011493067039;0.396422675328382;580.715738618847;74.8169425894078;32;26.7137326055724;199.038194417823;104.0548937448;199.038194417823;120.276145573216;81.1017792183016
"65";13.8306804543;53.1481412744;"SEG30";"SEG30 (S690)";"S";8.65014873435486;7.86819226532348;30.3037155769243;683.493710459108;23.1435414409093;-2.82087046072918;25.9644113350755;17.127733751064;3.9533085266473;17.127733751064;0.380277545365125;524.510946148626;68.071947608;28.4841098869565;28.7967094902499;186.064336006156;92.9369978125567;186.064336006156;102.452329660869;64.9912661526231
"66";13.832087364;53.1519292507;"SEG32";"SEG32 (S701)";"S";8.6603648472748;7.86339972706967;30.2963044843685;683.413052520086;23.1474467827605;-2.80743791197375;25.95488420246;17.1377008042256;3.95947287718929;17.1377008042256;0.393261476592863;522.711711811328;67.9135045111998;28.3148251466321;28.8792777943461;185.611930905032;92.552124377032;185.611930905032;101.944475439896;53.298168723319
"67";13.8354379183;53.1490864835;"SEG31";"SEG31 (S698)";"S";8.66411052109132;7.86717319737563;30.3036896337581;683.496131177378;23.1503081791459;-2.81073607673885;25.9610437220835;17.1412124591845;3.96679473694029;17.1412124591845;0.394358400395319;522.656461023125;67.8209043175998;28.3284329529813;28.8502401913254;185.520751627381;92.6217717057814;185.520751627381;101.985298858944;55.2708950808754
"68";13.8376434069;52.9869062127;"SEG36";"SEG36 (S1035)";"S";8.58546320321614;7.57798950068352;29.6601091917024;679.097619456406;22.6929609870873;-2.85581616104792;25.548776904504;17.0012576575902;3.88699003681214;17.0012576575902;0.385151666572995;580.077343709446;74.3095294914409;32;26.6158978666411;198.688793721523;103.83931092;198.688793721523;120.218575150082;65.6335095613996
"69";13.8406712422;53.1157000428;"SEG40";"SEG40 (S850)";"S";8.57741706185618;7.74487629809415;30.0597914842047;680.674669524347;22.9008645590992;-2.86311606483077;25.7639801815643;17.0163193067273;3.89109907295768;17.0163193067273;0.338065610360404;536.481290480419;68.3709793471998;29.5360510821171;28.063942443849;188.443081511434;95.3063392149171;188.443081511434;106.799826320517;54.3150672725028
"70";13.8425129961;52.9857854702;"SEG33";"SEG33 (S732)";"S";8.58259194000384;7.59834635711573;29.7084826859373;679.41555695507;22.7110353943131;-2.86472703003512;25.5757622177759;17.0025598715434;3.88776278559125;17.0025598715434;0.378546779765028;580.125477223671;74.1272511458116;32;26.5640580104262;198.618718108635;103.8031342392;198.618718108635;120.294601202024;75.9224553728074
"71";13.8471996774;52.9831350747;"SEG34";"SEG34 (S738)";"S";8.57913564648283;7.62085671221505;29.7596113441435;679.881592488222;22.7310063918268;-2.87659905540979;25.607605240798;17.0051800761395;3.8873600579802;17.0051800761395;0.369726973807799;580.810855998138;74.064615271556;32;26.5084428536544;198.738774273869;103.881482364;198.738774273869;120.555641366313;79.1398241664758
"72";13.8483181227;52.980270272;"SEG35";"SEG35 (S770)";"S";8.57772361647396;7.62988847759038;29.7766150181387;680.223937303502;22.73956684349;-2.88380094281104;25.6233675352444;17.0081956510431;3.8857723112888;17.0081956510431;0.364475386336065;581.852765832191;74.2049883093648;32;26.4859465248275;199.019085764095;104.0609054712;199.019085764095;120.87500292593;85.7441581806547
"73";13.8523423904;53.1221932473;"SEG41";"SEG41 (S974)";"S";8.61217798144406;7.7931775846354;30.1517946095759;681.829616906697;22.9912056826378;-2.85467539023197;25.845880597439;17.0650653193301;3.92429498729634;17.0650653193301;0.359343510930482;530.877255395699;67.6549273255997;29.1536661564141;28.2857240541016;186.962259638428;94.3321729164142;186.962259638428;105.078041741214;38.0025653352047
"74";13.8565786823;52.9747334907;"SEG49";"SEG49 (S1033)";"S";8.57370957798509;7.67437851041439;29.8843744197014;680.951666936063;22.7794972726993;-2.90056291670737;25.6800599380222;17.0132171137863;3.88964066334211;17.0132171137863;0.350131052456624;582.564184344404;74.0908565915114;31.9514921520001;26.3971172217662;199.032968216311;104.151966389423;199.032968216311;121.242822980935;84.9903264316802
"75";13.8756098085;53.1373051619;"SEG18";"SEG18 (S1039)";"S";8.59533467339773;7.81778518441892;30.2112429254689;682.084180726452;23.0166656169786;-2.85994997732149;25.8766153599915;17.0582993414928;3.90691597958596;17.0582993414928;0.350065145139736;526.162526039158;66.9940089647531;28.7133204831534;28.1693673474127;185.525983505883;94.0466099451307;185.525983505883;103.34463756386;38.5691203249835
"76";13.8760304642;53.1349278101;"SEG37";"SEG37 (S1036)";"S";8.59130802256541;7.81778208858675;30.2102971241947;682.087348272032;23.0125868071133;-2.86480468489001;25.877391226762;17.0543145586612;3.90257095375142;17.0543145586612;0.345814800746576;526.920713568857;66.9870541105319;28.7735178089323;28.1177930225334;185.671428951931;94.2091059821989;185.671428951931;103.582285984397;43.2447100097199
"77";13.9593929333;52.8814555267;"SEG45";"SEG45 (S1048)";"S";8.7799751342236;7.74811938650128;30.0398998338686;683.409156962908;23.0395866634364;-2.75201136135254;25.7915981650534;17.2442185804498;4.12955446598658;17.2442185804498;0.50446211735685;569.691254398054;70.9325346405043;32.4745696007999;25.2816340448641;193.225795361009;104.293260720504;193.225795361009;118.914038398818;55.6151013432781
"78";13.9651666142;53.0873902852;"SEG12";"SEG12 (S561)";"S";8.6748495829482;8.09827195081285;30.7068073037385;687.17525683323;23.4610989124587;-2.91021155105208;26.3713100492744;17.2147076076095;3.97164688226309;17.2147076076095;0.376263059558506;521.931803473942;62.6720025183997;29.0059823224571;26.6645833751251;181.214702112114;96.4145978001143;181.214702112114;102.885884306457;20.2642689122206
"79";13.9651898491;52.8800593338;"SEG44";"SEG44 (S1047)";"S";8.79187539266898;7.76499984463872;30.0693495142157;683.9027019002;23.0706294909943;-2.75158725669556;25.8222167983268;17.2625197629048;4.13956892864183;17.2625197629048;0.50913552048064;567.935983848804;70.5118977543335;32.3354436215999;25.248718395387;192.595756287867;104.083858533534;192.595756287867;118.421698868535;58.3347584857484
"80";13.9678274355;52.876577569;"SEG43";"SEG43 (S1046)";"S";8.80616197923058;7.78905282896017;30.1214093662932;684.251878389906;23.1043822647699;-2.75284780350709;25.8572300796344;17.2811102716849;4.1575321281292;17.2811102716849;0.516804359164122;566.913506851913;70.4043300323259;32.2721415479998;25.2991282270137;192.340100280652;103.935770248326;192.340100280652;118.123074585304;62.0869682689482
"81";13.9688288888;52.8706731952;"SEG42";"SEG42 (S1045)";"S";8.82589529393844;7.8246163021303;30.2036159115709;684.585711671798;23.1488603228386;-2.75567168412059;25.9045320062439;17.3047249650761;4.18598165039673;17.3047249650761;0.52865072727779;566.159604100134;70.497980875011;32.2481066687998;25.4236928355013;192.292061782022;103.794080907011;192.292061782022;117.887796920845;72.7301611954847
"82";13.969643613;53.0874201199;"SEG01";"SEG1 (S1029)";"S";8.68195429612689;8.11921638864381;30.7486589179395;687.479548830937;23.4927117197758;-2.9110534664482;26.4037648281334;17.226672059729;3.97891121102213;17.226672059729;0.379997597385187;520.67734598903;62.4571065759996;28.9405280529719;26.6408629088494;180.762881725143;96.2829732283438;180.762881725143;102.603385996172;18
"83";13.9738023393;53.1008363304;"SEG22";"SEG22 (S999)";"S";8.68444440908999;8.19063772660732;30.8988840219811;687.865345022148;23.5820595525071;-2.92528547948994;26.5073447064004;17.2361259777401;3.98411316551126;17.2361259777401;0.379919881522831;514.939593562899;62.2574877135996;28.2783097495501;27.0960902724997;179.782994928699;94.6365475695004;179.782994928699;100.77558167435;21.5887686545904
"84";13.9770687275;53.0883827434;"SEG07";"SEG7 (S570)";"S";8.69359747640842;8.15738441780104;30.8255998015221;687.984287605059;23.5491261680139;-2.9131459516801;26.4622718543569;17.2464524351939;3.99099429820354;17.2464524351939;0.38617879514658;518.272678951389;62.1007010799995;28.7889053593651;26.6342752927647;179.971234021929;95.9566248771303;179.971234021929;102.026048914565;17
"85";13.9800470219;53.0893068994;"SEG02";"SEG2 (S573)";"S";8.69744672336174;8.17345456960163;30.8602950111462;688.140881714717;23.5707914133956;-2.91400188947534;26.4847930777681;17.2529678781953;3.99549929504948;17.2529678781953;0.388499050065302;517.215209903045;61.9652781081541;28.7057336694456;26.6531968958463;179.657418411354;95.7545083870455;179.657418411354;101.754508387045;17.9040135550284
"86";13.9802599328;53.0866128921;"SEG14";"SEG14 (S1028)";"S";8.69783078591369;8.16421860769745;30.839685002269;688.159304350296;23.560262168772;-2.91224280874212;26.4725047552272;17.2534036937842;3.99541937950828;17.2534036937842;0.388312719839733;518.150874535186;61.9585772112133;28.8315271935864;26.5564787973504;179.774920003213;96.0691605751864;179.774920003213;102.069160575186;18.5786922891118
"87";13.9856996404;53.1028343078;"SEG03";"SEG3 (S526)";"S";8.69949497346767;8.24104721406362;31.0299835435631;688.05989226569;23.6367949743433;-2.92138364747994;26.5581784943552;17.2557212765497;4.0041004169128;17.2557212765497;0.39355428500224;511.533887317483;61.6914309177156;28.058939568684;27.0970722241571;178.598592773715;93.998078037484;178.598592773715;99.9980780374839;15
"88";13.9929664034;53.1055917908;"SEG11";"SEG11 (S505)";"S";8.70013537422635;8.26350670725018;31.098290734604;687.993420888882;23.6514624957213;-2.92061655486293;26.5720790272907;17.2567979325124;4.00959312189678;17.2567979325124;0.396062986033595;509.98974319441;61.3831434266021;27.9886721893971;27.1196637668024;178.063277555605;93.6117281706029;178.063277555605;99.6346033391998;14.0575153874376
"89";13.9960806945;53.0930375778;"SEG24";"SEG24 (S761)";"S";8.70656374657128;8.23987527263851;31.0368764307924;688.383791065052;23.632999727439;-2.91511971119584;26.5481194647143;17.2677711808911;4.01369010436044;17.2677711808911;0.396465670331512;513.462427057942;61.2965515900574;28.4257713395423;26.7187124795956;178.424811187657;94.8211290699425;178.424811187657;100.821129069942;14
"90";13.9975565113;53.1066189775;"SEG10";"SEG10 (S502)";"S";8.70015173057171;8.27396774505285;31.1311758383734;687.974198166344;23.6576994006422;-2.91990199435297;26.5776014363557;17.2573942345717;4.01221481481327;17.2573942345717;0.397042516247633;509.33805635826;61.2021191439646;27.9740237736347;27.1083994058757;177.78673909913;93.4669090351653;177.78673909913;99.4997882687998;14.0561548854469
"91";13.9986953531;53.090363765;"SEG29";"SEG29 (S1043)";"S";8.70836048256363;8.23944488473781;31.0330659117412;688.538430320327;23.6358928844387;-2.91406869147236;26.5499616357072;17.2718417478267;4.01553120231336;17.2718417478267;0.396489404437245;514.001651491413;61.2178853133861;28.5072770178134;26.6259647669946;178.411736118986;95.0323974634133;178.411736118986;101.032397463413;15.9915897622259
"92";13.9991563761;53.1155376108;"SEG16";"SEG16 (S706)";"S";8.67817347064692;8.24760158178642;31.0278897129398;688.009900219643;23.6570315005033;-2.9240921981781;26.5811236394288;17.2387002477001;3.98710964796679;17.2387002477001;0.379865965645515;509.099380029854;61.444322483063;27.8690741233362;27.2878822634085;178.095495333326;93.1053675318638;178.095495333326;99.2473443143998;15.6767334727329
"93";14.0005236583;53.1074526576;"SEG05";"SEG5 (S667)";"S";8.69965557799484;8.28000915469443;31.1496327101706;687.966983484597;23.6616387584405;-2.91961204175211;26.5812508816209;17.2574050295551;4.01324586466181;17.2574050295551;0.397242511794232;508.928557781523;61.0941512193805;27.9595769646187;27.104993996534;177.622006455561;93.3701276713812;177.622006455561;99.4085684183998;13.7999503111506
"94";14.0018710945;53.1137541932;"SEG04";"SEG4 (S712)";"S";8.68399936305222;8.26159622473336;31.0769863457138;688.006628025332;23.6613496927545;-2.92281275664007;26.5841624660363;17.2443320517477;3.99525224894679;17.2443320517477;0.384945791718338;508.771894235451;61.2656713800624;27.8746167207368;27.23109320562;177.846148391325;93.1202757376629;177.846148391325;99.2249930951997;14.2711210898615
"95";14.0060802647;53.0931214508;"SEG28";"SEG28 (S1042)";"S";8.71246498861337;8.27297029564364;31.1285903350811;688.541076916115;23.6620802223157;-2.91430584206021;26.5763862471365;17.277105176605;4.02482291275258;17.277105176605;0.401258728335803;511.929494091184;60.8793727984149;28.3589448575846;26.6788836707978;177.763616807215;94.5082740471846;177.763616807215;100.508274047185;14.092161834838
"96";14.0090911662;53.12451684;"SEG19";"SEG19 (S676)";"S";8.65827147321276;8.24196546444924;30.9893169668924;688.161128335106;23.6669757290342;-2.92911050089883;26.5960862394978;17.2250734360578;3.96685590991508;17.2250734360578;0.365026580654217;508.117127752766;61.4027941837912;27.649233998608;27.4170231998793;178.035372196383;92.6557696925919;178.035372196383;98.7934078511998;14
"97";14.0091395643;53.1094117133;"SEG15";"SEG15 (S658)";"S";8.69907963229338;8.29860112913341;31.2070358687383;687.963518466506;23.673068229723;-2.9189104454873;26.5919788828629;17.2584559107149;4.01697404731672;17.2584559107149;0.398379308466471;507.794350604774;60.777734558393;27.909447474406;27.0863011908349;177.148937540787;93.1194407439939;177.148937540787;99.1547693375998;16.6574592317078
"98";14.0170996354;53.1139706829;"SEG08";"SEG8 (S652)";"S";8.69041617480619;8.30423823826106;31.2152732093779;688.039937315044;23.6821716964511;-2.92095572588785;26.6031277178579;17.2533568444191;4.00982910660538;17.2533568444191;0.392505985535366;506.923906819815;60.6287256645535;27.7857882258456;27.131563238407;176.932546189108;92.833227745354;176.932546189108;98.8543123607996;13
"99";14.0184348694;53.1058313536;"SEG26";"SEG26 (S1022)";"S";8.7140406613685;8.3403252726782;31.3524086875159;687.872438633546;23.6877760075121;-2.91406481522815;26.6018412388059;17.2721618527797;4.04030374556562;17.2721618527797;0.412420518034999;506.41608461782;60.1927314512548;27.9623473039443;26.9408875339409;176.28794728171;93.0153108576554;176.28794728171;99.0176106479996;11.7860166206562
"100";14.0259043152;53.1076629229;"SEG23";"SEG23 (S612)";"S";8.70944979101746;8.34159326853638;31.3414116694372;688.227544819736;23.7007501720747;-2.91453074334453;26.6152813473754;17.27418400806;4.03462011923629;17.27418400806;0.405640057346226;506.298893621179;60.2690995353416;27.9160898504002;26.9732119349717;176.332585356283;93.0071569222129;176.332585356283;98.8956655217417;11
"101";9.2126008478;48.3787128703;"AEG10";"AEG10 (A2277)";"A";6.67605167769694;8.20063860600102;32.3335783911975;654.65773234168;20.5719354555845;-4.7875728862696;25.3595078138227;13.1135411719812;-0.26986782242732;14.767043566403;-1.21866786927446;970.620035804041;117.107362013531;63.285579787931;20.901392992148;315.620977288525;194.856739363793;309.924506387794;202.856739363793;746.831632508756
"102";9.2595965836;48.3954780011;"AEG25";"AEG25 (A7116)";"A";6.83957498587411;8.10939498539329;31.9753329922148;655.819848578946;20.702628402428;-4.65820103122091;25.3608288333805;13.3020862725355;-0.108573130195113;14.9464700332557;-1.0784406991706;943.894652967729;115.086584557911;60.6151207305885;21.791050565362;309.773533740133;186.845362191766;304.253525541055;194.115044185365;776.502413539385
"103";9.2884387238;48.4808866615;"AEG35";"AEG35 (A11495)";"A";7.6292032815122;8.1276899668391;31.8392548552256;657.722324856536;21.6450690645391;-3.87393869983053;25.51900822984;14.1553244419794;0.740145988632154;15.7974475278158;-0.292031993213395;880.691108117629;109.409153448506;54.0469450531589;23.1708172487669;293.183713571967;169.354498253126;285.564963067167;176.378336169076;749.438579545938
"104";9.2992438253;48.4781611668;"AEG36";"AEG36 (A13124)";"A";7.34865375288414;7.96011293308947;31.4967757115191;655.230990795789;21.184065927882;-4.08191532342937;25.2659817051345;13.8221327537394;0.460692396779625;15.4765370154071;-0.535492873830759;914.572444888352;112.183830915113;57.9101388006254;21.8982052050052;300.522391769369;180.367812130764;293.228375573369;187.367812130764;753.762569675279
"105";9.3419867529;48.3980050128;"AEG01";"AEG1 (A19557)";"A";6.84538865570459;8.12508442405137;31.9075011541069;661.111012323072;20.7410957277633;-4.72294469879967;25.4640399497258;13.3582193659034;-0.164252386704983;14.997812196124;-1.16887768667351;933.115825721121;114.701268863398;59.3965585447997;22.2642463427519;307.506778341195;184.635511174264;303.439422333663;191.635511174264;686.087606624961
"106";9.3477155235;48.4853987987;"AEG11";"AEG11 (A20470)";"A";7.2262763994235;7.84587833878002;31.2656986230444;653.924659677661;20.9074735580136;-4.18287561756258;25.0903486543595;13.6671281040917;0.322581183331096;15.313855579061;-0.666729570598109;928.084577746602;111.870883470542;59.393755976378;20.9795154540107;302.511527335721;185.917928498264;295.488369615156;192.325582830734;768.603217963315
"107";9.3502309279;48.3891220871;"AEG12";"AEG12 (A20771)";"A";6.8196128259933;8.12642036220702;31.8936381668829;661.737413431867;20.717093315096;-4.76248573729951;25.4795786451077;13.3375043102899;-0.198381393208049;14.9754010624787;-1.20697173914392;933.757087090152;115.097040775393;59.2555276399999;22.4764328215037;308.355151460387;184.447026145793;304.516221369987;191.46224044389;711.709494293064
"108";9.3564020806;48.4895088831;"AEG20";"AEG20 (A21699)";"A";7.32506675685092;7.89340923067972;31.3660654279387;654.695999077143;21.0480920895197;-4.11256766587621;25.1606592320295;13.7821765747432;0.418958189160336;15.4214597321331;-0.584432033952114;917.497511559649;110.684647728768;58.2281712047587;21.2498299576014;299.933282777524;182.563897123879;292.919966155927;189.127673516689;528.355292425778
"109";9.3572193006;48.4422038842;"AEG21";"AEG21 (A21850)";"A";6.91061264524954;7.93418331900557;31.4895150651953;657.59600788259;20.6376713849873;-4.55824967301614;25.1959206242507;13.3730146869706;-0.0660050226783555;15.0234296378852;-1.04514731129416;944.791123558657;113.919015392401;61.0319086132013;21.0636562597482;307.968015373124;190.322061808245;302.807221225684;197.225710427925;728.244831038976
"110";9.358324659;48.4168404068;"AEG29";"AEG29 (A22026)";"A";6.86283419221923;8.02475731618982;31.6838189101489;659.740956204097;20.6736170118855;-4.65349534268195;25.3271120204836;13.354885190225;-0.135462243736369;14.9980486115447;-1.12957277327943;938.808046267968;114.447182653526;60.058651542642;21.8052999309767;308.15176826521;187.27657866041;303.697910518253;194.227098860652;684.7352967949
"111";9.3621982699;48.3916479693;"AEG13";"AEG13 (A22610)";"A";6.83274045679958;8.10259652517236;31.829734494492;661.733112920361;20.7186818926261;-4.73733217103933;25.4560138643058;13.3533798315249;-0.183588005410177;14.9882745448014;-1.19447438131396;932.287903485458;114.753656472764;59.1004487368;22.5221287314561;308.166674769547;184.220259819182;304.28648585193;191.027501341582;740.306767630037
"112";9.3760179249;48.3979885716;"AEG42";"AEG42 (A24657)";"A";6.85835742714884;8.07458201005938;31.7489403321516;661.680775378185;20.7314646038163;-4.70106070101466;25.4325255781972;13.3818080347431;-0.155235832598384;15.0138555190315;-1.1681915781952;931.146897990994;113.980793472564;59.1305779655216;22.3895345890087;307.611202446007;184.445986954008;303.586603256329;190.948683285129;706.65775475111
"113";9.3768471301;48.3914209811;"AEG07";"AEG7 (A24854)";"A";6.84627125316112;8.08774914210172;31.7661057377441;662.106469298486;20.7304115730094;-4.72987967655586;25.4602914644644;13.3743190592094;-0.17212774574391;15.0054002054409;-1.18743642694265;931.236885476371;114.132519679692;59.1058964536001;22.5058726580646;307.946286444739;184.269435642647;304.109825633786;190.725104520246;794.70915070169
"114";9.3984861338;48.3699446079;"AEG41";"AEG41 (A28088)";"A";6.79583131192125;8.07808730596223;31.6725731508257;663.276756153009;20.6786373622127;-4.82635482911543;25.5049919369186;13.3349149838566;-0.235711150027439;14.9645259513324;-1.25551817368939;938.454454104046;114.824429920403;59.581771099603;22.7546270453898;310.648859840806;185.833089410413;307.939736462413;191.833089410413;695.46318252423
"115";9.4038818301;48.3951061598;"AEG26";"AEG26 (A28932)";"A";6.87684464170554;8.06192697543637;31.6600053585982;662.660280425729;20.7517446107153;-4.7123496293312;25.464094979433;13.4153259876989;-0.144894590027209;15.041263850834;-1.16696709453447;929.601638457903;113.048985365793;59.0140810361929;22.3756171693844;307.097970731586;184.425199824772;303.512460648772;190.425199824772;700.7138925192
"116";9.4135454726;48.3961509361;"AEG37";"AEG37 (A30361)";"A";6.87855856868754;8.05595994449341;31.6300028490143;662.864351700906;20.7452008325263;-4.72417745561338;25.4693788364153;13.4178201462278;-0.145977614729789;15.0445044897767;-1.16878211940886;931.174380586838;113.012004688326;59.0196271547255;22.2804641308227;307.028391598577;184.917828592828;303.872093794428;190.922210814754;718.537651714338
"117";9.4188891246;48.3808884549;"AEG04";"AEG4 (A31160)";"A";6.84390990092218;8.05767397649148;31.6117118269373;663.330313416746;20.7084439851493;-4.78108687232308;25.489530788595;13.3862932661395;-0.187076747537286;15.0134829975425;-1.21088329784519;935.192303128433;113.877561232545;59.1602070677451;22.508622392717;308.75512246509;185.388829169381;306.182214581381;191.388829169381;658.768574324021
"118";9.4252511339;48.4395441364;"AEG38";"AEG38 (A32042)";"A";6.91786627876079;7.90082702590421;31.3166867938561;659.557498981848;20.6297338433309;-4.59909050911785;25.2288246121721;13.39963284956;-0.0760346157638051;15.0490200310722;-1.07603275575093;951.765372976685;114.103528691523;61.187225147364;20.9328710549482;309.54146035121;192.483771985774;305.39428253041;198.826804045774;820.773724311112
"119";9.4256829259;48.3942180774;"AEG39";"AEG39 (A32195)";"A";6.87490157451091;8.05163065572861;31.5963890944516;663.232062852828;20.7338473509893;-4.7489338133482;25.4827813873535;13.4165412712764;-0.154417355150334;15.0437545477623;-1.17869067610645;933.284952377178;113.088526741856;59.0109944570555;22.2294639568026;307.177053483712;185.437992129022;304.631822841023;191.437992129022;695.147232170883
"120";9.4348888005;48.3969714231;"AEG46";"AEG46 (A33626)";"A";6.87910015714021;8.04317520398434;31.5628967759571;663.346664584106;20.7273969289373;-4.75555992548405;25.482956914187;13.4202185652183;-0.152078933058608;15.0485422675525;-1.17660155926321;934.97966328958;113.029025899351;59.0563400537513;22.0992865588287;307.059763543654;186.047106075157;304.883221148758;192.048817820108;679.345510761982
"121";9.4349969019;48.3779957932;"AEG44";"AEG44 (A33605)";"A";6.84944140152948;8.04604395919851;31.5611538310957;663.66754493474;20.7007752822179;-4.79272906678595;25.4935039734999;13.3954340672609;-0.185563644131597;15.0218528920296;-1.21218049849024;936.223832854552;113.881919815382;59.0257178889822;22.4891535919314;308.763839630765;185.554621883929;306.695126699929;191.554621883929;679.485100092181
"122";9.4392007081;48.3958758627;"AEG05";"AEG5 (A34237)";"A";6.87424167809022;8.04171856784425;31.5503535012763;663.513018811337;20.7199161431684;-4.76857257139917;25.488488675721;13.4166963861846;-0.159240696215451;15.0450940437331;-1.18425538380473;935.993397787575;113.082613031498;59.0836337362979;22.083639289139;307.206043057396;186.332451873489;305.285552312392;192.291676541192;716.993624155643
"123";9.4416781078;48.401262153;"AEG06";"AEG6 (A34651)";"A";6.8766700426037;8.0180931179266;31.5002976730667;663.075753080434;20.6986054831228;-4.75515097786345;25.4537563902764;13.4115857163621;-0.153163998922526;15.0425104860234;-1.17537365657141;939.073894177294;113.317775902775;59.4480675747744;21.9137749616035;307.735826392749;187.518622011473;305.649662335899;193.431412367898;715.960871854208
"124";9.446157209;48.4192307705;"AEG47";"AEG47 (A35283)";"A";6.89393759320182;7.95516320557311;31.3748749118216;661.658961593934;20.653261816131;-4.70152238929209;25.3547842298105;13.4061068840003;-0.122745386975415;15.0437718393467;-1.13686535808461;946.448020719006;113.860411977917;60.4219504699171;21.4271382423123;308.928596971834;190.448052349586;305.987720927669;196.356951879669;713.771134364834
"125";9.4473185834;48.39764314;"AEG19";"AEG19 (A35463)";"A";6.86021680361217;8.01685814888287;31.4828525684712;663.400373823177;20.6793424983334;-4.78467185460851;25.4640141477347;13.3982233119945;-0.174305948908021;15.0290036164773;-1.19717380697235;941.140774651456;113.504491994288;59.5479273542879;21.9220126654736;308.244629990176;188.09460332824;306.608580535552;193.869192695552;722.181390264854
"126";9.4486539191;48.487881799;"AEG15";"AEG15 (A35767)";"A";7.16847518471449;7.84961305749983;31.2059649337871;656.615817361992;20.8309030375799;-4.32329793587896;25.15420092712;13.6328250309841;0.231395448757011;15.2803819995155;-0.772893317706831;942.953270953675;112.323666510195;60.7470904357489;20.5479455738408;306.769492358745;190.611223348642;299.772031501693;197.243810450196;748.823418560557
"127";9.4554611349;48.40210764;"AEG16";"AEG16 (A36692)";"A";6.85079022517325;7.98733789770622;31.4080850061608;663.09929555928;20.6388279311817;-4.79172801510655;25.4305556589995;13.3817523087971;-0.182683932196078;15.0153769084974;-1.20259393193932;946.674842106117;113.947806282176;60.0983896421763;21.7084451136281;309.326679801953;190.027480295682;307.757824451106;195.661324611105;724.214591988139
"128";9.4572977908;48.4562378064;"AEG30";"AEG30 (A36956)";"A";6.97722263635617;7.86910512186456;31.1971908705422;659.00168462066;20.6611596530025;-4.56247440381754;25.2236343061772;13.455800832868;-0.00481289197422758;15.1026510635485;-1.00712396821534;954.175142245854;113.980733280749;61.4527938067744;20.7184846274754;310.12235115731;193.549705338484;304.986906187098;199.57205851091;696.664096481119
"129";9.4579527081;48.4013333334;"AEG45";"AEG45 (A37099)";"A";6.84465022606292;7.98400327117574;31.3952372877184;663.173664532039;20.6287273732282;-4.80163461346779;25.4303616421558;13.3759142504552;-0.19021904165107;15.0097889044289;-1.21004862798291;947.851229727448;114.048935810354;60.1809358119538;21.6913636705573;309.588736615108;190.39494906457;308.176878240616;195.968878250216;731.042004918121
"130";9.4600244612;48.4587449338;"AEG31";"AEG31 (A37367)";"A";6.97670124656353;7.86353282643371;31.1818923365313;658.884235552222;20.6575986444071;-4.56052346547822;25.2181223625645;13.453264163652;-0.00395541291137631;15.1011319251214;-1.00491035777532;955.790856314188;114.11348653822;61.5819760091102;20.6602440131666;310.511683291886;194.062950643396;305.257681734041;200.021561703086;725.95097482963
"131";9.4676487349;48.4056558727;"AEG50";"AEG50 (A38525)";"A";6.83305343448555;7.95687955464637;31.3224391507572;662.936848356901;20.5879509507982;-4.81499170759659;25.402942293691;13.3581288063928;-0.201501273601772;14.9944234993301;-1.21867650668355;953.619144649646;114.512305230004;60.7480461748039;21.4787532940472;310.748180097608;192.350127819619;309.382687503215;197.797133172015;719.445531493391
"132";9.4727841247;48.3768572731;"AEG02";"AEG2 (A39275)";"A";6.86012080978672;8.02339235036983;31.4577641924546;665.054149312224;20.6686293106302;-4.83612192753701;25.5047503640469;13.4152539653329;-0.193397018390348;15.043937209826;-1.2300256366842;942.034741312737;113.676174291107;59.5366492341845;22.1577137314056;308.813504657876;188.076834408277;308.507142643477;193.615678332615;748.314639514474
"133";9.4799316588;48.4191396371;"AEG27";"AEG27 (A40320)";"A";6.8329996623076;7.92458214951772;31.244104341569;662.202973686889;20.5526916361653;-4.81073404400501;25.3634257776439;13.3452050867585;-0.195544087643107;14.98424930099;-1.20816309145896;960.838168976134;115.065349017687;61.6063404968869;21.1060224833811;312.206316637147;194.73112766212;309.95273102132;200.269939784347;757.333910367017
"134";9.485781341;48.4658332639;"AEG32";"AEG32 (A41172)";"A";6.87022220728201;7.8392828117796;31.0961561392737;659.168307939901;20.539635938317;-4.66989195893798;25.2095280025869;13.3368067309196;-0.124563301374906;14.9932564938701;-1.11316314115277;977.24418072766;116.315007069601;63.2642061061762;20.2342192240259;316.103773392803;200.197066655427;310.743776725603;205.415466394978;712.083792690518
"135";9.4910511483;48.4514222421;"AEG33";"AEG33 (A41959)";"A";6.81438682910218;7.88135113983605;31.177645817851;660.384915314992;20.4984357373935;-4.780058528384;25.2784944476578;13.2947852654868;-0.199229177796703;14.9452731882797;-1.19432828016828;978.844054034441;116.475044047201;63.2851206591876;20.3824919539407;316.710359700804;199.998095591217;312.042092080004;205.28411500479;799.993604429682
"136";9.4921245872;48.4226402847;"AEG08";"AEG8 (A42131)";"A";6.77779971164657;7.92738988837637;31.2497633852728;662.256722931472;20.4897323055776;-4.87809982601497;25.3678320763052;13.2835528383684;-0.256772299653497;14.9262743962268;-1.26558073585337;972.99607048475;116.133050989438;62.4654277294377;20.8717233121757;315.599233679351;197.709791655824;312.803947584624;202.95299706655;755.276150482589
"137";9.492303341;48.4620734674;"AEG28";"AEG28 (A42175)";"A";6.82076679889064;7.85051056076012;31.1132275562188;659.683309722044;20.4921782704904;-4.73950299679662;25.2316812344969;13.2896592144823;-0.185234125715183;14.9460619976464;-1.17298302039551;983.428489349291;116.850883953601;63.7215444253624;20.1951682514584;317.867932044804;201.546237640242;312.688405609604;206.697795366164;778.5360690716
"138";9.4934922481;48.3964648774;"AEG24";"AEG24 (A42306)";"A";6.7560745101445;7.93386751312;31.2205454670647;663.794993090611;20.4891995963507;-4.92313311603153;25.4123319391365;13.2805946996839;-0.29299041574272;14.9223166988454;-1.31121354155831;968.761328996619;116.036653071111;61.7079961743111;21.3707740842829;315.115170421245;196.109308031465;314.377336697866;201.114042673244;765.771080494178
"139";9.4986696758;48.4218476697;"AEG48";"AEG48 (A43134)";"A";6.74466574481494;7.93046122509199;31.2526906980213;662.447550196292;20.4546718515914;-4.92062331456788;25.375294929771;13.2490073957759;-0.294879796647089;14.8935449250393;-1.30241638875741;979.199472597211;116.696454773301;62.8527266269007;20.793412675471;317.381602435603;199.186206082202;314.532557937403;204.226073923602;747.424551961388
"140";9.5005580665;48.4558776829;"AEG34";"AEG34 (A43366)";"A";6.7572204479164;7.87226368759174;31.1543211688377;660.404413706564;20.4327246923733;-4.8353942566907;25.2681187188356;13.2305925139815;-0.263382823544171;14.8861223381607;-1.251254729104;990.923850406728;117.494638773601;64.2076848106455;20.1584475904203;319.997309916805;203.13960546696;315.115181137605;208.124633151448;775.873902789553
"141";9.5027923796;48.3946709269;"AEG09";"AEG9 (A43687)";"A";6.73608252974996;7.93174615454258;31.2023744127535;664.031360753128;20.4694706333771;-4.95078927924112;25.4202592293187;13.2586413683898;-0.316294941686085;14.9026547847056;-1.33609666945434;973.836783670861;116.617358068001;62.0345224535138;21.353728748469;316.892051208716;197.067329609601;315.789653996089;202.079408859915;743.690639979464
"142";9.5046227699;48.4567591994;"AEG49";"AEG49 (A43953)";"A";6.73120526490212;7.87088341361383;31.1489360649987;660.48916754547;20.4042390772822;-4.86377137549197;25.2680100696626;13.2026417401957;-0.293378240308159;14.8598031121626;-1.27876669164136;995.769516815943;117.906006696001;64.5774523792368;20.0802171243213;321.328966565604;204.360069498368;316.404524994404;209.240740079239;804.843673059931
"143";9.512354055;48.4189546956;"AEG23";"AEG23 (A45122)";"A";6.67998256470481;7.93458295040251;31.2495034450438;662.896193077917;20.3869322201303;-5.00417225326066;25.3911039041503;13.1820276498607;-0.369650763160622;14.8303401419546;-1.37557781079801;991.251479827287;117.831478433925;63.5898938083245;20.6688201625154;320.936421775699;201.985815457945;318.007749305946;206.656755204497;714.498850677295
"144";9.5134230403;48.4043813138;"AEG22";"AEG22 (A45310)";"A";6.69374761868621;7.92499444525066;31.1926000850427;663.648094333469;20.4120924394955;-4.9945873761914;25.4066792432103;13.204848617725;-0.359254827102899;14.8529178299274;-1.37340027561268;985.803904946047;117.635124841703;63.0181234057026;21.0180353561868;320.074040465211;200.150064975013;317.946460286213;205.01788462601;792.020449963323
"145";9.5183688727;48.3993230386;"AEG17";"AEG17 (A46114)";"A";6.68602383674946;7.91865609511059;31.1601218777409;663.968494953802;20.4064106292233;-5.00639433386891;25.4128044299257;13.1983849796069;-0.369482479628465;14.8477537233871;-1.38653684450327;987.087372055994;117.90135802184;63.04425800344;21.1021389673639;320.78287325296;200.201665719837;318.723754032638;205.127820271359;808.762024625742
"146";9.5186692771;48.3757600015;"AEG14";"AEG14 (A46088)";"A";6.76126789528145;7.99643360591697;31.3313349397887;665.454432096004;20.5458789312782;-4.97559979302185;25.5214782226972;13.3002275491344;-0.303195213636103;14.9408978319745;-1.338192544552;966.857200957901;116.398908059201;60.9941067804737;21.9558440325503;316.703505477276;193.907256334401;315.720857433129;198.932277670075;724.139111772066
"147";9.5214424368;48.3829418675;"AEG18";"AEG18 (A46500)";"A";6.73074346489672;7.96634549233901;31.2584296829921;665.00365009778;20.4925183730872;-4.99232905247896;25.4848469626702;13.2598296490555;-0.331220055312784;14.9041920482849;-1.36069071550339;974.929065091757;117.07181446;61.7624192799998;21.6739638029081;318.5394570432;196.258020873599;317.1582474032;201.258020873599;763.510783642957
"148";9.5323787503;48.4088814832;"AEG03";"AEG3 (A48112)";"A";6.64859115820887;7.94169123222119;31.2418917220351;663.73455280745;20.3629058624609;-5.05712258968981;25.4200281729954;13.1524052508358;-0.410987162881155;14.8008351761889;-1.42566059845544;995.885185720757;118.486700169944;63.7998557667441;20.8219107576338;322.963573827261;202.332087455776;320.337262633661;207.018931858976;801.841813862241
"149";9.5420173244;48.4134228471;"AEG43";"AEG43 (A49542)";"A";6.62214289349343;7.95721157371742;31.2974751706516;663.649424254467;20.3309740128052;-5.09352822648718;25.4245022507064;13.1216751414211;-0.441023597681966;14.7681480533247;-1.45516079222938;1001.22368139472;118.85140208048;64.2735504108803;20.6592458652209;324.270143482401;203.655221741921;321.425846821601;208.233073411521;762.427959903707
"150";9.5665626636;48.4097972087;"AEG40";"AEG40 (A53417)";"A";6.62311652719052;7.9803499770044;31.3479271951212;664.277440051124;20.346628897943;-5.11082840485162;25.4574578155366;13.1231345562726;-0.446864152639604;14.7659744991311;-1.47269231016807;1001.33468362157;119.0053990264;64.2430281087997;20.8115895621863;324.854392436896;202.636979426399;322.248953561472;207.432027128223;784.020503372038
