"SRL_HP";"RTD_HP";"AD_HP";"RN_HP";"RHL_HP";"AMF_HP";"RHI_HP";"SLA_all";"LDMC";"LeafN";"LeafP";"Myco_intensity";"Height";"Seed_mass"
"Achillea_millefolium";55.88625;0.220708333333333;0.307416666666667;1.02723431992497;0.184698683;39.9771742639167;9.70117673766667;14.4460909814819;0.214734181755994;24.6010826047805;2.32629428292872;66.3148148148148;0.330211199242264;0.150681016965003
"Agrimonia_eupatoria";27.13;0.145;0.5323;NA;0.03175;68.51851852;0;16.8419444445;0.346461333333333;16.675;1.835;70;0.536;9.33033879362857
"Agrostis_stolonifera";212.090833333333;0.15475;0.1673;0.821807599647884;0.699394445;16.625;43.7361111116667;24.9847970080824;0.294363754539;33.3053722179652;1.53651755838084;66.6666666666667;0.403711111111111;0.0471557061501507
"Allium_sp";128.103333333333;0.073333333;0.3649;1.08767143772698;0.273608465666667;68.6299615866667;14.5468772233333;NA;NA;NA;NA;NA;NA;NA
"Alopecurus_pratensis";141.270166666667;0.157333333333333;0.262196666666667;0.943269823408629;0.644197335966667;17.0803028831667;67.0375065063333;23.5004778285892;0.325336317946079;21.485977778;1.73;52.2962962962963;0.526984876140808;0.921363064931217
"Anthriscus_sylvestris";213.180833333333;0.2115;0.170633333333333;1.72832193083078;0.263201620333333;34.6354706491667;5.90114793741667;41.6403970378067;0.206278755117924;29.7189846061738;3.7;62.8333333333333;0.616666666666667;4.10610666666667
"Arrhenatherum_elatius";58.124;0.229333333333333;0.28232;0.698026551078775;0.517019880933333;32.6817973188667;32.93853629;38.2822431365134;0.272669614732553;28.8468147898587;2.88741006501208;45;0.804130030271581;2.68026001162879
"Bellis_perennis";62.0883333333333;0.174166666666667;0.32395;0.749225453840164;0.127841666666667;71.1477724583333;4.64184054691667;33.5787869367778;0.156933591830328;23.2561944447222;3.268418507;56;0.0499347826086957;0.137841666666667
"Bistorta_officinalis";252.06;0.391;0.126466666666667;1.19357248157248;0.394472222;4;39.1578947366667;22.0805715929942;0.16654993700033;30.3713823293283;2.38222222222222;16.6666666666667;0.332626666666667;4.89106280193237
"Brachypodium_pinnatum";110.74;0.296222222222222;0.225633333333333;0.677660020229869;0.175642957222222;43.2353818655556;24.7050128252222;25.2948122007178;0.393676251702083;17.8397625;1.40533333333333;55;0.457339935064935;2.74992698414286
"Bromus_erectus";27.67;0.290444444444444;0.324877777777778;0.533752333973095;0.354525953888889;37.2552448903333;57.3448441666667;18.5622420262664;0.3521343358275;17.2409698041667;1.29546666666667;70;0.437111073137389;3.40441333334167
"Bromus_hordeaceusincl_B_commutatus";190.5075;0.163583333333333;0.198141666666667;0.745203626829967;0.797493055583333;28.46894986;64.6873976;22.9231070194115;0.236497289899778;26.058673346;1.179759539;60;0.436788095238095;2.94947026515151
"Capsella_bursa-pastoris";445.673333333333;0.192333333333333;0.128666666666667;1.36231145935358;0.378583333333333;1.66666666666667;44;NA;NA;NA;NA;NA;0.2;NA
"Carex_flacca";55.3;0.229333333333333;0.3068;0.407458292443572;0.338;3.225806452;48.83512545;16.1347624044308;0.327220720081112;16.2597617893207;1.2021831981043;7.5;0.62755;0.7707075
"Carex_hirta";100.244;0.204666666666667;0.22218;1.07606407714409;0.501698889;1.61563786006667;62.69406436;18.30754679375;0.295278;23.1393163134939;0.467949074043446;5;0.375833333333333;2.594125
"Carum_carvi";439.231666666667;0.130666666666667;0.184716666666667;1.80832677165354;0.074201389;39.9532969016667;6.52502124208333;23.9370833341667;0.1976725;27.8429166675;1.88575;42.8571428571429;0.32755;2.33373333333333
"Centaurea_jacea";12.6675;0.172916666666667;0.695591666666667;1.1522895154192;0.173606944416667;44.63061745;4.776415088;20.7467905133395;0.20970359047212;24.0614525546266;1.43400384425651;61;0.431983088235294;1.36975555555556
"Cerastium_glomeratum";276.92;0.190666666666667;0.162033333333333;1.02779961546678;0.759558334;0.666666666666667;20.90804598;28.0584645010556;0.185210760846942;19.3253333333333;0.8236;30;0.161878412698413;0.288670527777778
"Cerastium_holosteoides";261.886666666667;0.209111111111111;0.160822222222222;1.00918723700061;1.05295370366667;3.30630630633333;33.5610312512222;26.2127049767857;0.152163777558571;NA;NA;NA;0.256;0.176666666666667
"Cichorium_intybus";76.645;0.135;0.32215;1.30882638215325;0.1559375;55.94117647;23.70588235;22.7469396011883;0.167061334370769;35.47;NA;85;0.491085714285714;1.12907783125323
"Cirsium_acaule";86.8533333333333;0.237333333333333;0.492033333333333;0;NA;36.64519141;7.31144309783333;12.6156527778334;0.165936847947387;20.645;1.4375;70;0.10255;3.8262666666
"Cirsium_arvense";83.3533333333333;0.092833333;0.396325;1.24679051250927;0.102857143;30.8540288233333;12.3867362573333;20.9584940255988;0.145998563623937;24.7113950428982;0.915106025500965;56.5;0.720291091408333;1.69165803571428
"Cirsium_oleraceum";45.4566666666667;0.122666666666667;0.4152;2.05735728030789;0.085028572;55.98047316;9.91283152733333;NA;0.14406;37.14339;NA;88;1.1;2.616
"Crepis_biennis";95.5033333333333;0.1535;0.300566666666667;1.45479034071219;0.166621717;65.2914988483333;18.5887274658333;28.54015646;0.1325;25.5;2.993527508;70;0.708333333333333;1.4628
"Dactylis_glomerata";75.72861111;0.226833333333333;0.260927777777778;0.761715007957207;0.520941269742424;12.2186233050139;30.8758387934167;23.2961267141611;0.261950547856372;25.4988138191834;2.64483938217856;40.8888888888889;0.52181123127483;0.797812583595353
"Daucus_carota";172.036666666667;0.156;0.206833333333333;1.39700918607135;0.0324021163333333;29.1527777766667;4.06944444433333;17.3407151007079;0.256320044098812;22.2040720766746;2.19618131583588;70;0.518777272727273;1.08329631324111
"Deschampsia_cespitosa";113.21;0.236666666666667;0.2005;1.19671714704446;0.773041667;0;32.7777777766667;13.8291654341006;0.353983160118818;17.7713612051897;1.31245839033652;39.875;0.569395166666667;0.289383212564553
"Dipsacus_fullonum";68.08;0.113666666666667;0.3764;1.716325571;0.113334615333333;86.9506499233333;4.28045825066667;17.85;0.173;13.8;3.2875;30;1.2242;2.58774999995833
"Elymus_repens";85.4980555555556;0.15875;0.295833333333333;1.07776659895403;0.476653836986111;17.9901852654167;50.2379288856944;21.3611319203667;0.318883655396995;24.7438887997621;2.60825936289327;79.0625;0.549287444805166;3.1135514637021
"Euphorbia_cyparissias";63.3941666666667;0.27325;0.279508333333333;0.444163124520939;0.11369318175;81.46269525;11.1296171;20.4205;0.317778742044039;25.0836666666667;2.06225;70;0.187041666666667;2.2832
"Festuca_arundinacea";22.97;0.189;0.4402;0.909639727361246;0.371340909;34.38079777;52.55102041;18.0757149560333;0.256285154325;21.2129079875;2.0522155145;65;0.66216650922996;1.28000589743589
"Festuca_ovina";97.0375;0.3885;0.18995;0.540030732052999;0.397927399083333;31.0758258258333;47.4681549683333;15.3968772035229;0.363879451903739;13.5177804582723;1.53786366693254;64.108630952381;0.329924556223059;1.18754877696096
"Festuca_pratensis";63.8433333333333;0.193285714285714;0.303766666666667;0.805125334;0.66721515147619;18.3702329301905;54.1719885228571;23.694328072746;0.28437658127204;21.3654772728409;2.39287671508333;68.3928571428572;0.453862207090249;2.12798214285714
"Festuca_rubra";151.24;0.268222222222222;0.182188888888889;0.729506977951836;0.611232193666667;11.4693877555556;60.3286453155556;18.5608384715231;0.316211339304067;13.797946054289;1.88590477658011;62.2202380952381;0.327509023554637;1.20224336580633
"Galium_mollugo";461.48;0.2;0.1791;1.6447893713545;0.268952651416667;28.885167465;22.36204147;26.5110971653108;0.244118956168565;23.0187979481708;2.59964696287;33.5;0.470203019688645;0.7798
"Galium_verum";176.456666666667;0.269666666666667;0.296433333333333;NA;0.112190909;12.4932359306667;4.071969697;18.2094022917648;0.283948928407263;17.6632116255916;1.49622983497727;52.5555555555556;0.289278273001508;0.474913227507937
"Geranium_pyrenaicum";96.81;0.181333333333333;0.2545;1.91615004935834;0.254171717;41.52007252;39.8865578866667;29.4949005888333;0.197833333333333;NA;NA;30;0.246875;1.36353333333334
"Glechoma_hederacea";135.966666666667;0.146555555555556;0.232377777777778;2.01838347614621;0.333942550555556;58.86008098;8.02501276288889;41.4733193605928;0.155435203095;43.2728220311708;2.45274232685869;61.1;0.236111111111111;0.69
"Helianthemum_nummularium";40.4266666666667;0.516333333333333;0.282066666666667;0.674291338582677;0.289675;3.167420815;8.653846155;15.3670426324996;0.247667707037943;22.7507733024691;2.02231481481481;55;0.119437375886525;0.974392857142857
"Helictotrichon_pubescens";50.6666666666667;0.231777777777778;0.293755555555556;0.523122030596427;0.907833333333333;32.3245188333333;91.9412396333333;20.3596933107143;0.297016260277151;18.3142875;2.99622222222222;55;0.367095238095238;1.81944761904762
"Heracleum_sphondylium";120.964666666667;0.195866666666667;0.23242;1.52601976741615;0.135586363733333;55.25781276;6.85537787826667;20.1787437296;0.205571666666666;35.2150275;3.70666666666667;30;0.6624875;7.124
"Hieracium_pilosella";54.165;0.273166666666667;0.312033333333333;0.551278729516919;0.300764015166667;64.2570082658333;16.81550156;17.06871905987;0.209920549819888;15.1967997972371;2.39389482421558;73.25;0.102692493112948;0.177357142857143
"Holcus_lanatus";119.550833333333;0.263166666666667;0.22495;0.885346983;0.618876388833333;12.9217171719167;47.8813131316667;20.0075117104514;0.245526760452514;22.6055815096624;1.55937737331599;38;0.473415737628413;0.375711666666667
"Juncus_effusus";27.9133333333333;0.166333333333333;0.419966666666667;0.721821743388834;0.628305555666667;8.55251141666667;53.1471498033333;14.8870359232894;0.266488695844295;13.4275590470893;1.64175224995017;15;1.13233111111111;0.0182888889166667
"Lamium_album";127.693333333333;0.138666666666667;0.2527;1.48333765392093;0.617638889;0;41.5;NA;0.17;39.42401;NA;40;0.372222222222222;1.60510416666667
"Lamium_purpureum";263.67;0.160666666666667;0.162733333333333;1.37113502935421;0.273083334;0.333333333333333;25.7730496453333;34.31070196;0.1398;NA;NA;60;0.25625;0.740866666666667
"Lathyrus_pratensis";72.2466666666667;0.131666666666667;0.358866666666667;NA;NA;32.41666667;18.52777778;25.408545845075;0.280129981693688;39.8408079365318;2.36177777777778;58.8235294117647;0.419314285714286;11.906436111119
"Leontodon_autumnalis";37.2133333333333;0.185333333333333;0.398733333333333;1.35214495592556;0.115174242333333;57.7821986433333;7.55231358633333;26.4990550094449;0.184429159811709;19.4852409864755;2.784;84;0.227547619047619;0.695916666666667
"Leucanthemum_vulgare";74.57;0.1865;0.292233333333333;0.932654910658096;0.174252777833333;59.7857722383333;4.9247494635;19.8324716249953;0.164903816386693;24.509941080298;1.618133857;65.1666666666667;0.439193293650794;0.489223333333334
"Lolium_perenne";92.47230769;0.172230769230769;0.253023076923077;0.875480283191279;0.659077256;20.9152715444872;68.6809906038462;17.927366060913;0.212999988520103;26.6675798979427;3.69891682294685;53;0.292319372344644;1.83567949604612
"Lotus_corniculatus";26.32;0.204;0.4555;2.20486905916586;0.177424243;43.20925553;49.22032194;20.6588214496293;0.219517680962369;32.7870243349439;1.41006545726024;52.5;0.232258864379085;1.35104370345617
"Origanum_vulgare";185.076666666667;0.336666666666667;0.146733333333333;1.081887906;0.256444444333333;56.1018732733333;38.9079268666667;21.4412623540628;0.297753630635;19.02535;1.7;55.4;0.424960317460317;0.0991655555555555
"Phalaris_arundinacea";84.9316666666667;0.160666666666667;0.275283333333333;0.953757898850755;0.436326389;23.5030721961667;52.99930987;20.2594723306071;0.289868146658917;31.9924502144318;3.12802064660805;50.6;1.38352666666667;0.674019444416667
"Phleum_pratense";56.5406666666667;0.167533333333333;0.318833333333333;0.815142479465038;0.659163888866667;14.53757014;40.98198392;22.0908654887527;0.32580203778489;21.5488085080052;2.88474641978876;48.9166666666667;0.573800485008819;0.34486598127604
"Pimpinella_major";85.3033333333333;0.139666666666667;0.311366666666667;2.05559923093356;0.0500027776666667;66.3956466066667;1.51493811333333;31.761834580875;0.225985;24.76;3.08375;70;0.556127777777778;2.28600222220833
"Plantago_lanceolata";70.6758333333333;0.17925;0.295533333333333;1.31964032880146;0.210730808083333;60.7724671533333;25.4749141;14.9822744478014;0.19814758565834;21.1479362667203;2.18730851899569;75.3333333333333;0.202828828589836;1.65579371795288
"Plantago_media";65.8366666666667;0.229222222222222;0.282222222222222;1.32462408362813;0.216041049277778;79.3842077766667;31.9492953133333;17.5129869836667;0.245204091082847;20.45026440625;1.613;71.25;0.208902777777778;0.333552040857143
"Poa_pratensis";177.087719298246;0.213631578947368;0.167723245614035;0.90276612977596;0.518068038434211;10.3871219848246;38.6672591976491;19.7223504754269;0.3588156290136;16.358969440114;1.42740403906746;52.0357142857143;0.288324044989148;0.248385047901069
"Poa_trivialis";280.838263888889;0.180409722222222;0.151367361111111;0.955529387423738;0.574333118444444;6.13006420322222;38.5647716955556;31.8979174155484;0.309657223070345;21.22843063303;2.40045922782693;55.4074074074074;0.527859941926021;0.18374253106176
"Potentilla_anserina";128.88;0.207;0.251411111111111;1.27972602739726;0.073214286;25.7183720322222;2.925941;15.579752175309;0.272548651286891;25.3620634257683;2.15372212206851;70;0.168013333333333;0.848466666666667
"Potentilla_reptans";75.58;0.228666666666667;0.2732;1.30882638215325;0.435313492;84.7006651866667;22.88741069;24.5315783404384;0.258519335412821;28.6286200490174;1.34660393895891;50;0.202766666666667;0.286225
"Potentilla_verna";47.78;0.408666666666667;0.224933333333333;0.561356932153392;0.180377777666667;41.03658537;5.7723577235;13.8452919732063;0.337591645391987;23.8434944444444;1.8345;60.7416666666666;0.107819136904762;0.536052083333333
"Prunella_sp";80.5866666666667;0.209333333333333;0.278716666666667;0.709476885797752;0.067173611;80.1849525566667;0.585234093666667;29.9992355432777;0.244681095043087;15.5220366666667;2.95283333333334;67.6;0.114466137566137;0.856417730300269
"Ranunculus_acris";78.1516666666667;0.19;0.360266666666667;0.607757533984897;0.423125;36.69563244;18.8832661583333;18.6416053265034;0.218760050504067;25.8183874912302;3.01946562535197;68.6;0.364605555555556;1.54628761904762
"Ranunculus_bulbosus";71.0811111111111;0.130222222222222;0.337222222222222;0.758532884991266;0.203834722277778;69.7638368127778;5.16148829577778;21.6327974409153;0.200630921998747;23.1158500104538;2.55208123558899;70;0.17885;2.72586805558333
"Ranunculus_repens";53.3704761904762;0.179809523809524;0.414933333333333;1.02834168907101;0.245010747452381;37.5839274381905;10.0810947741429;23.0995562713949;0.174137460127934;24.5446693326938;3.68214673652202;73;0.27625;2.34199333335
"Rhinanthus";179.675;0.1115;0.23205;NA;0.211666667;36.481132075;30.66037736;16.6231249965335;0.331995861111111;32.7650980652722;5.81895220708333;0;0.2745;2.60657908163333
"Rumex_crispus";94.705;0.178333333333333;0.240433333333333;1.52222932162902;0.545083333166667;9.02342157466667;23.0669305533333;17.5690705127273;0.13505689988;25.3042;2.2;53;0.860416666666667;1.82846597222222
"Rumex_obtusifolius";82.8283333333333;0.2225;0.2112;1.4749357216454;0.369961111166667;7.28707893333333;16.8936651581667;26.2542961883536;0.1348725;33.4280382285026;4.138255138;10;0.501388888888889;1.49008333333333
"Sanguisorba_minor";80.6733333333333;0.352111111111111;0.231744444444444;0.598844543284582;0.078051389;41.8438926833333;11.86894088;18.1958797101343;0.326831481884281;20.355362778;1.823516397125;70;0.278037792397661;5.59385664449593
"Stellaria_media";281.231111111111;0.177111111111111;0.166177777777778;1.27379267233698;0.862148148222222;1.70370370366667;46.0197956577778;37.7243331989275;0.129665265827558;32.7101370975;4.7963384;30;0.28997380952381;0.372806666666667
"Symphytum_officinale";52.5433333333333;0.124333333333333;0.3918;2.73648492623477;0.791666667;8.90958164633333;6.567701305;30.48;0.084;NA;NA;48;0.604166666666667;9.7272
"Taraxacum_sp";89.3711956521739;0.146105072463768;0.315233333333333;1.63038132471317;0.138875463246212;61.481190068587;10.5745586611051;28.9164938761842;0.169233198250499;27.0710728530808;3.52450023054709;64.4166666666667;0.14146917103789;0.527336437289609
"Teucrium_montanum";44.5233333333333;0.423666666666667;0.238766666666667;1.08135626535627;0.1535;82.09106985;15.3214601466667;15.1106666666667;0.3023075;NA;NA;NA;0.138333333333333;0.58
"Tragopogon_pratensis";73.2533333333333;0.146333333333333;0.350633333333333;1.80476879124711;0.129655754;79.8633184;27.775527315;25.2834248753215;0.200403318520556;20.4327777777778;1.61855555555556;70;0.3855;7.99457625
"Trifolium_pratense";66.4594444444444;0.213722222222222;0.291272222222222;2.59495688861498;0.197488026111111;48.2750112168889;8.27747998755556;23.8315722338049;0.28495150239478;38.7318114984734;2.12343696961836;70.1363636363637;0.272676107226107;1.64958182185341
"Trifolium_repens";83.96;0.177166666666667;0.2850625;2.75259431890946;0.224221476708333;36.3225290329583;8.48535727666667;28.7533806845674;0.229722577801074;44.4955361773099;2.69538119243492;69.6666666666667;0.14941078125;0.594759765302563
"Urtica_dioica";209.385;0.1785;0.1592;2.4808504398827;0.484678571333333;0.394977169;24.0862809236667;25.9994834804334;0.252174455294296;38.519687354753;4.15937776701199;10;0.9451046875;0.163761111111111
"Veronica_chamaedrys";167.846666666667;0.253333333333333;0.173033333333333;1.36224886584575;0.415861111333333;14.01754386;41.6666666666667;31.2448870883333;0.242085954363664;19.5312583026228;2.49034085366667;54;0.175188815789474;0.211486111111111
"Veronica_hederifolia";237.51;0.169666666666667;0.157233333333333;1.49301369863014;0.545861111;1.33333333333333;35.8926553666667;NA;0.08717;NA;NA;NA;0.33;4.11981333333333
"Veronica_persica";242.663333333333;0.264;0.1409;1.27726554155095;0.1822;31.06756791;5.468396822;32.0666055420371;0.120333333333333;22.05;2.6875;30;0.144714285714286;0.571477777777778
"Acer_sp";NA;NA;NA;NA;NA;NA;NA;17.2488110188967;0.311605038690238;27.3471617389428;2.13879014750389;56.0166666666667;21.4636673574045;66.9238006734787
"Acinos_arvensis";NA;NA;NA;NA;NA;NA;NA;16.1745;0.2508325;7.2;0.97;NA;0.1662;0.525466666666667
"Aegopodium_podagraria";NA;NA;NA;NA;NA;NA;NA;28.3888157717652;0.23;34.373036134438;2.12796456294444;65.8157894736842;0.587083333333333;2.149625
"Agrostis_capillaris";NA;NA;NA;NA;NA;NA;NA;36.6207394296536;0.277721524082827;23.5235262595238;2.15604496434647;49.1666666666667;0.285993958332812;0.0683249449428965
"Ajuga_genevensis";NA;NA;NA;NA;NA;NA;NA;17.7;0.1717975;NA;NA;50;0.14;1.432775
"Ajuga_reptans";NA;NA;NA;NA;NA;NA;NA;22.8901219930833;0.181213720432413;20.2049533333333;NA;68;0.121547662337663;1.43408083333334
"Alchemilla_vulgaris";NA;NA;NA;NA;NA;NA;NA;18.7148764358974;0.240685786666667;22.0562357777778;2.385;62.8888888888889;0.446679166666667;0.4268
"Alliaria_petiolata";NA;NA;NA;NA;NA;NA;NA;44.1843631851666;0.163185149851666;40.016588016617;1.19095326685824;0;0.451125;2.48680952380952
"Anemone_nemorosa";NA;NA;NA;NA;NA;NA;NA;24.7977085925;0.205;24.9275;1.65;85;0.155523809523809;2.74042380952381
"Angelica_sylvestris";NA;NA;NA;NA;NA;NA;NA;30.0200547899571;0.247453251609549;28.4067689864392;3.2;59.2727272727273;0.798333333333333;1.87314583333333
"Antennaria_dioica";NA;NA;NA;NA;NA;NA;NA;19.9045045046667;0.262894579033455;14.2833333333333;NA;70.3076923076923;0.19268125;0.0523061594202898
"Anthemis_tinctoria";NA;NA;NA;NA;NA;NA;NA;13.3155792278482;0.177054;19.0803466666667;NA;33;0.355766666666667;0.744722222222222
"Anthoxanthum_odoratum";NA;NA;NA;NA;NA;NA;NA;26.1817380411748;0.282031769033938;20.016545859237;1.47919530492595;58.9375;0.206469603610675;0.479350705215111
"Anthyllis_vulneraria";NA;NA;NA;NA;NA;NA;NA;15.7011111133333;0.169870596431772;28.35608;1.42;30;0.181833653846154;2.89634124579125
"Arabidopsis_thaliana";NA;NA;NA;NA;NA;NA;NA;32.65610829;0.120103368333333;42.2585391;NA;10;0.147083333333333;0.1477132
"Arabis_hirsuta";NA;NA;NA;NA;NA;NA;NA;32.5978878872339;0.15286666991;25.3916666666667;NA;0;0.323572916666667;0.415774126984127
"Arctium_lappa";NA;NA;NA;NA;NA;NA;NA;44.7952367120317;0.175356075139498;23.5;NA;82.5;1.50583333333333;10.33567
"Arctium_minus";NA;NA;NA;NA;NA;NA;NA;38.0073744535159;0.176344704236416;27.1;NA;76.25;1.33625;10.1558629365079
"Arctium_sp";NA;NA;NA;NA;NA;NA;NA;40.6071477652206;0.152813724978623;27.67;NA;89.1881443298969;1.47443273809524;12.9717925595238
"Arctium_tomentosum";NA;NA;NA;NA;NA;NA;NA;50;NA;47.3;NA;NA;1.05833333333333;11.92
"Arenaria_serpyllifolia";NA;NA;NA;NA;NA;NA;NA;20.8723755339282;0.286517;10;4.2;10;0.132333333333333;0.0643803571369048
"Asperula_cynanchica";NA;NA;NA;NA;NA;NA;NA;18.979333333;0.321417777777778;15;1.5;30;0.247916666666667;1.09866666666667
"Barbarea_vulgaris";NA;NA;NA;NA;NA;NA;NA;34.6868480445;0.1481882894725;NA;NA;0;0.56;0.523258333333333
"Betonica_officinalis";NA;NA;NA;NA;NA;NA;NA;23.7277970982778;0.239696926902185;24.7895462226667;2.89011850708334;55;0.298888888888889;2.9289
"Betula_pendula";NA;NA;NA;NA;NA;NA;NA;15.4213677958142;0.336534636876207;26.5018028800952;1.9521814326165;85;19.3148778735632;0.218253647609504
"Botrychium_lunaria";NA;NA;NA;NA;NA;NA;NA;17.5345079365;0.19372191679;NA;NA;NA;0.125;NA
"Brassica_rapa";NA;NA;NA;NA;NA;NA;NA;20.8435172183308;0.109815796687132;38.7650481748612;5.9;10;0.8182875;2.28017037037037
"Brassica_sp";NA;NA;NA;NA;NA;NA;NA;20.8435172183308;0.109815796687132;38.7650481748612;5.9;10;0.8182875;2.28017037037037
"Briza_media";NA;NA;NA;NA;NA;NA;NA;18.1266061694872;0.318987992601059;19.2808406507937;1.18317076554167;56.6666666666667;0.270979398148148;0.352453968261905
"Bromus_inermis";NA;NA;NA;NA;NA;NA;NA;18.9989568168404;0.356400895889222;18.6210058880497;1.22543135861089;66.6111111111111;0.496865767817038;3.14838300193546
"Bromus_sterilis";NA;NA;NA;NA;NA;NA;NA;37.4016299933334;0.248375;22.92;1.74;42;0.469768571428571;7.0272
"Bunium_bulbocastanum";NA;NA;NA;NA;NA;NA;NA;17.71;0.18941;24.82;1.97;NA;0.580458333333333;1.403
"Calamagrostis_canescens";NA;NA;NA;NA;NA;NA;NA;17.044;0.361;23.6;NA;35;1;0.0741809523333333
"Campanula_glomerata";NA;NA;NA;NA;NA;NA;NA;23.0192169355401;0.192511666666666;25.055;2.05;67.125;0.250161111111111;0.0919791666666665
"Campanula_patula";NA;NA;NA;NA;NA;NA;NA;53.0353403189;NA;25.02;NA;55.4166666666667;0.4413;0.292396666666667
"Campanula_persicifolia";NA;NA;NA;NA;NA;NA;NA;12.5864592117308;0.190929177278358;20.825295;NA;NA;0.28475;0.0652
"Campanula_rapunculoides";NA;NA;NA;NA;NA;NA;NA;50.435;0.204961783309259;32.05;1.48;52.5;0.396816239316239;0.103108888888889
"Campanula_rotundifolia";NA;NA;NA;NA;NA;NA;NA;24.4865679613384;0.249276875879489;20.9738694873333;1.5;49.8571428571428;0.193509615384615;0.0599094444444444
"Campanula_sp";NA;NA;NA;NA;NA;NA;NA;36.2283450017077;0.210722634731518;23.8158635411312;1.50898305084746;48.800079003036;0.385677478972974;0.131425249787558
"Cardamine_hirsuta";NA;NA;NA;NA;NA;NA;NA;31.1697462625;0.14576125;17.86666667;3.183257764;10;0.147916666666667;0.114225
"Cardamine_pratensis";NA;NA;NA;NA;NA;NA;NA;40.41;0.1995;NA;NA;0;0.278;0.61316666675
"Cardaminopsis_arenosa";NA;NA;NA;NA;NA;NA;NA;23.815;0.198531666666667;NA;NA;NA;0.175;0.0885
"Carex_acutiformis";NA;NA;NA;NA;NA;NA;NA;13.9;0.329013333333333;13.45;0.7;10;0.7;0.920625
"Carex_caryophyllea";NA;NA;NA;NA;NA;NA;NA;16.5313859952378;0.332689137362625;23.50817262;1.0205730515;6.66666666666667;0.158610101010101;0.979185185185186
"Carex_montana";NA;NA;NA;NA;NA;NA;NA;28.7;0.304346666666667;NA;NA;5;0.20625;2.95333333333333
"Carex_muricata";NA;NA;NA;NA;NA;NA;NA;19.305;0.24990817620762;14.2;NA;5;0.517726388888889;1.50848538624339
"Carex_ornithopoda";NA;NA;NA;NA;NA;NA;NA;30.58;0.314216818064226;NA;NA;10;0.0778333333333334;0.8396
"Carex_sylvatica";NA;NA;NA;NA;NA;NA;NA;34.5018257705789;0.238957078697685;15.2689916666667;NA;15.8333333333333;0.421666666666667;1.01471333333333
"Carex_vulpina";NA;NA;NA;NA;NA;NA;NA;15.2;0.29116246352635;NA;NA;5;0.665277777777778;1.88099743915344
"Carlina_acaulis";NA;NA;NA;NA;NA;NA;NA;10.0275;0.18834625;31.78;2.61;NA;0.171333333333333;3.7875
"Carlina_vulgaris";NA;NA;NA;NA;NA;NA;NA;15.9137077936667;0.27601017409726;19.0386512147407;1.33953679132232;66.5;0.297541666666666;0.992431944444445
"Carpinus_betulus";NA;NA;NA;NA;NA;NA;NA;17.6622606969697;0.255766666666667;22.8083333333333;2.1275;85;16.9537407407407;36.3611361195055
"Centaurea_scabiosa";NA;NA;NA;NA;NA;NA;NA;15.3468662385833;0.20180025;23.3166666666667;1.60566666666667;56.8;0.612125;6.73505
"Cerastium_arvense";NA;NA;NA;NA;NA;NA;NA;24.0421955455608;0.239725670934576;31.7522222233333;0.641813196666666;19.8333333333333;0.092758547008547;0.25201875
"Cerastium_pumilum";NA;NA;NA;NA;NA;NA;NA;20.1352229566667;0.169885;NA;NA;NA;0.0627777777777778;0.04848
"Cerastium_semidecandrum";NA;NA;NA;NA;NA;NA;NA;27.429900482;0.546936666666667;NA;NA;10;0.0593581099802167;0.0379261666666667
"Chaerophyllum_aureum";NA;NA;NA;NA;NA;NA;NA;20.3011228825;0.242546666666667;34.2976388879166;6.69359945770834;70;0.631233333333333;6.5
"Chenopodium_album";NA;NA;NA;NA;NA;NA;NA;24.0374492587395;0.229978032454681;36.7740790761976;2.90673456122943;5;0.8995;0.807130952380952
"Chenopodium_sp";NA;NA;NA;NA;NA;NA;NA;24.0374492587395;0.225867376432853;35.6890035408638;2.90673456122943;5;0.871892;0.771640535714285
"Cirsium_palustre";NA;NA;NA;NA;NA;NA;NA;20.5731364343333;NA;17.9904086821198;2.02330257147475;70;0.622;1.83958333325
"Cirsium_vulgare";NA;NA;NA;NA;NA;NA;NA;16.5193237034125;0.150902857142857;32.5;3.25;70;1.06166666666667;2.63114104306803
"Clinopodium_vulgare";NA;NA;NA;NA;NA;NA;NA;25.716423429913;0.266618745060465;16.1759;1.64;65;0.34191;0.362175
"Colchicum_autumnale";NA;NA;NA;NA;NA;NA;NA;21.91;0.138515833333334;18.6666666666667;1.77333333333333;70;0.219416666666667;6.05499
"Convolvulus_arvensis";NA;NA;NA;NA;NA;NA;NA;24.0872792579844;0.179308686194286;37.1693334444444;2.39833333333334;58.3333333333333;0.333811507936508;10.2660303030303
"Conyza_canadensis";NA;NA;NA;NA;NA;NA;NA;30.0126927554731;0.233671902834505;25.680625;3.9;60;0.618370579710145;0.0500634920634921
"Crataegus_monogyna";NA;NA;NA;NA;NA;NA;NA;10.7568877969076;0.396809356776936;14.5250161458334;0.893541666666665;81;3.74388541666666;70.4299374210331
"Crataegus_sp";NA;NA;NA;NA;NA;NA;NA;14.8734438984538;0.372315928388468;20.443762109375;1.44677083333333;75.5;5.99429305555555;105.459952427107
"Crepis_sp";NA;NA;NA;NA;NA;NA;NA;29.9496437699525;0.131919166666667;25.5;2.993527508;70;0.673530850209113;1.35628855416667
"Cynosurus_cristatus";NA;NA;NA;NA;NA;NA;NA;24.2208419557609;0.248118485942322;20.2759082127536;0.2615;NA;0.33168631840796;0.555513571428571
"Epilobium_hirsutum";NA;NA;NA;NA;NA;NA;NA;21.4445008216565;0.2024438250925;32.3;3.4;35;1.34666666666667;0.126166666666667
"Epilobium_parviflorum";NA;NA;NA;NA;NA;NA;NA;36.5384784295866;0.173125439814814;20.07625;3.538;60;0.482916666666666;0.0659411111
"Epilobium_sp";NA;NA;NA;NA;NA;NA;NA;31.5178685820901;0.200202753002953;21.6652931832259;3.16471522159754;62.851;0.506134992869875;0.0993307312299998
"Equisetum_arvense";NA;NA;NA;NA;NA;NA;NA;11.5903934160701;0.277574188440531;18.7431112994054;2.87178976036109;0;0.260453333333333;NA
"Equisetum_palustre";NA;NA;NA;NA;NA;NA;NA;8;0.172583458385876;23.2447143360046;1.41660979370603;0;0.325;NA
"Erodium_cicutarium";NA;NA;NA;NA;NA;NA;NA;42.1527495790275;0.216222223725204;25.2430555555556;3.23333333333333;0;0.243880558819201;1.75055454545455
"Erophila_verna";NA;NA;NA;NA;NA;NA;NA;35.2471255766667;0.15060875;NA;NA;NA;0.0725;0.184095833333333
"Eryngium_campestre";NA;NA;NA;NA;NA;NA;NA;9.1930979832325;0.246320833333333;21.5877;NA;75;0.30343537414966;1.34611190476191
"Erysimum_cheiranthoides";NA;NA;NA;NA;NA;NA;NA;22.755;0.200374675146778;36.4;NA;0;0.515066666666667;0.2172
"Euphorbia_verrucosa";NA;NA;NA;NA;NA;NA;NA;28.0075;0.386725694444444;32.1;3.31;NA;0.3535;2.456
"Falcaria_vulgaris";NA;NA;NA;NA;NA;NA;NA;12.585;0.1895875;NA;NA;NA;0.491666666666667;0.8
"Fallopia_convolvulus";NA;NA;NA;NA;NA;NA;NA;46.84446025625;0.2;17.405;NA;10;0.884375;5.0052962962963
"Filipendula_ulmaria";NA;NA;NA;NA;NA;NA;NA;24.3644104058216;0.310285654309127;28.3816517418067;1.47491826572684;22.4705882352941;0.897533333333333;0.74645
"Fragaria_vesca";NA;NA;NA;NA;NA;NA;NA;32.9702579374391;0.322943092990299;17.5769831608886;0.737096573770492;57.3055555555556;0.119362068965517;0.313733333333333
"Fragaria_viridis";NA;NA;NA;NA;NA;NA;NA;18.2012615695912;0.323344;17.4375;NA;76;0.145833333333333;0.27625
"Fraxinus_excelsior";NA;NA;NA;NA;NA;NA;NA;14.5930060994947;0.301597978398948;23.9906654995841;1.97186111111111;85;24.25625;42.9494368689926
"Fumaria_officinalis";NA;NA;NA;NA;NA;NA;NA;43.2900432900217;0.164;49.3;NA;5;0.65625;3.24825833333333
"Galeopsis_sp";NA;NA;NA;NA;NA;NA;NA;22.7;0.233836585365854;32.733226402439;NA;15;0.39525;4.58462626666
"Galeopsis_tetrahit";NA;NA;NA;NA;NA;NA;NA;22.7;0.24573;32.221915;NA;15;0.366666666666667;4.59964
"Galium_aparine";NA;NA;NA;NA;NA;NA;NA;37.8512363356979;0.200539737837143;21.761293470625;1.7915;37.5;0.538348571428571;4.53659795918367
"Genista_tinctoria";NA;NA;NA;NA;NA;NA;NA;16.5612964175556;0.277738888888889;30.6403366666667;NA;71;0.6;5.10624444444445
"Gentianella_germanica";NA;NA;NA;NA;NA;NA;NA;15.6325;0.404424;NA;NA;70;0.16125;0.178475
"Geranium_dissectum";NA;NA;NA;NA;NA;NA;NA;20.08457781;0.238;NA;NA;70;0.365672514619883;2.38693333333333
"Geranium_molle";NA;NA;NA;NA;NA;NA;NA;29.4949005888333;0.186666666666667;NA;NA;30;0.15125;1.09454166666667
"Geranium_sylvaticum";NA;NA;NA;NA;NA;NA;NA;21.1990113592359;0.230526121266531;26.305205262413;1.5400337509284;41.9047619047619;0.218828571428571;5.8793
"Geum_rivale/urbanum";NA;NA;NA;NA;NA;NA;NA;22.5102822335377;0.242024211019092;28.208839285;NA;60.5384615384615;0.317833333333333;1.03043043473499
"Glyceria_fluitans";NA;NA;NA;NA;NA;NA;NA;32.258064516;0.30684;27.5;NA;5;0.554166666666667;1.1985
"Helictotrichon_pratense";NA;NA;NA;NA;NA;NA;NA;16.62;0.308050672696725;15.7833333333333;1.36333333333333;70;0.3864;2.24362859186931
"Hippocrepis_comosa";NA;NA;NA;NA;NA;NA;NA;15.7733333333333;0.234356222222222;36.6;1.55116666666667;70;0.142802083333333;3.52526666666667
"Hypericum_maculatum";NA;NA;NA;NA;NA;NA;NA;27.35;0.27802449507667;30.2622222222222;2.03;30;0.38225;0.152625
"Hypericum_perforatum";NA;NA;NA;NA;NA;NA;NA;24.7459744579844;0.306243376359229;21.8276594444444;NA;36.25;0.488662698412698;0.145857777777778
"Hypochaeris_radicata";NA;NA;NA;NA;NA;NA;NA;25.7186037500263;0.116989392342608;19.4371339241934;2.28263437472959;70;0.157741836734694;0.772936816647118
"Juncus_articulatus";NA;NA;NA;NA;NA;NA;NA;16.1276799901;0.212596;21.6190549074038;1.49434053335159;15;0.3946;0.02
"Juncus_inflexus";NA;NA;NA;NA;NA;NA;NA;10.3254161044;0.30774513978;NA;NA;15;0.433333333333333;0.0287461363636364
"Juniperus_communis";NA;NA;NA;NA;NA;NA;NA;4.27977626892052;0.487537880491828;11.3875780529155;0.933528908718181;60.125;8.08833571428572;28.1446354208169
"Knautia_arvensis";NA;NA;NA;NA;NA;NA;NA;23.2431093291443;0.19816762570969;25.174444445;2.794288479;64.25;0.621083333333333;3.9711777777619
"Koeleria_macrantha";NA;NA;NA;NA;NA;NA;NA;13.221752773445;0.3932539078675;15.9568;1.193454579;61.6;0.0962171957671958;0.42722365229912
"Koeleria_pyramidata";NA;NA;NA;NA;NA;NA;NA;12.1123509474;0.26784125;22.814375;1.67;NA;0.377666666666667;NA
"Lactuca_serriola";NA;NA;NA;NA;NA;NA;NA;21.6593999165;0.182946163882;27.045;NA;NA;0.741666666666667;0.466419259259259
"Lapsana_communis";NA;NA;NA;NA;NA;NA;NA;47.72848377;0.127;NA;NA;70;0.740875;0.8905
"Lathyrus_tuberosus";NA;NA;NA;NA;NA;NA;NA;29.35;0.198365;NA;NA;60;0.585733333333333;32.0903727858293
"Leontodon_hispidus";NA;NA;NA;NA;NA;NA;NA;22.6840821094508;0.157716290406865;23.2567037037037;2.07558739555208;51;0.223125;2.29940864197222
"Linaria_vulgaris";NA;NA;NA;NA;NA;NA;NA;37.8548854371667;0.197936544183292;17.159433911;1.46;47;0.455555555555556;0.150955555555556
"Linum_catharticum";NA;NA;NA;NA;NA;NA;NA;25.950664542;0.242377190678136;14.0924488174466;0.43697732025;30;0.100421428571429;0.151515555555555
"Lolium_multiflorum";NA;NA;NA;NA;NA;NA;NA;32.3698478174102;0.208462751109141;34.8229061520679;2.08903964766667;36;0.74;5.59045833333333
"Luzula_campestris";NA;NA;NA;NA;NA;NA;NA;24.49951517;0.29023;18.229333333;0.3295729525;15;0.172416666666667;0.617778285714286
"Lysimachia_vulgaris";NA;NA;NA;NA;NA;NA;NA;16.3882129832;0.236515350560304;24.6474592374063;1.62577543914614;74.3333333333333;0.7532;0.315
"cf_Lythrum_salcaria";NA;NA;NA;NA;NA;NA;NA;18.8394512783333;0.25050608385831;21.223897725873;1.5003839162429;12.5;0.751333333333333;0.0556223129251701
"Medicago_lupulina";NA;NA;NA;NA;NA;NA;NA;29.2535352439588;0.238013299197535;34.0645487665794;1.71634760125;72.75;0.291672272727273;1.59412760625234
"Medicago_sativa";NA;NA;NA;NA;NA;NA;NA;16.3565827974542;0.314706655800571;34.1408716666666;2.53;71.4;0.495155459183673;2.14765172916561
"Mentha_aquatica";NA;NA;NA;NA;NA;NA;NA;18.2644962283636;0.186394444444444;12.2293656515349;1.07815067483465;50;0.425066666666667;0.131683333375
"Mentha_sp";NA;NA;NA;NA;NA;NA;NA;23.9739505761248;0.200189982564318;13.3074130205831;1.07815067483465;48.7916666666667;0.431440866666667;0.144906970862917
"Myosotis_arvensis";NA;NA;NA;NA;NA;NA;NA;41.642;0.129395211513632;24.5;NA;10;0.26375;0.417515
"Myosotis_discolor";NA;NA;NA;NA;NA;NA;NA;37.086630795;0.162002;NA;NA;30;0.219166666666667;0.198578333333333
"Myosotis_ramosissima";NA;NA;NA;NA;NA;NA;NA;21.16;0.177428333333333;NA;NA;15;0.175625;0.22014
"Myosurus_minimus";NA;NA;NA;NA;NA;NA;NA;20.68060184;0.122535;NA;NA;70;0.08764;0.1018875
"Oenothera_biennis";NA;NA;NA;NA;NA;NA;NA;16.5960245177267;0.209707525258944;16.4542114973069;NA;70;0.662747619047619;0.377156249412533
"Onobrychis_viciifolia";NA;NA;NA;NA;NA;NA;NA;22.6846762833733;0.237690559718049;29.8245957515598;NA;70;0.410094190647482;16.7906565084711
"Ophioglossum_vulgatum";NA;NA;NA;NA;NA;NA;NA;16.47446458;0.11;NA;NA;75;0.165;NA
"Orchis_militaris";NA;NA;NA;NA;NA;NA;NA;21.53;0.10397;26.34;1.8115;70;0.244;0.00085
"Papaver_rhoeas";NA;NA;NA;NA;NA;NA;NA;38.75;0.205283333333333;NA;NA;5;0.3785;0.176066666666667
"Persicaria_maculosa";NA;NA;NA;NA;NA;NA;NA;30.468735460648;0.255547236923652;22.3574107837677;NA;10;0.500587604166667;1.98914298367139
"Phragmites_australis";NA;NA;NA;NA;NA;NA;NA;14.5349330793864;0.411060690450627;22.7198333089399;1.24263180924593;18.5555555555556;2.36507714285715;0.114964285714286
"Phyteuma_orbiculare";NA;NA;NA;NA;NA;NA;NA;36.1;0.213385;31.685;2.14;70;0.270083333333334;0.1928
"Picris_hieracioides";NA;NA;NA;NA;NA;NA;NA;25.9826134631465;0.171080281547554;25.6578089937576;2.69858536072163;75;0.554802469135802;0.707
"Pimpinella_saxifraga";NA;NA;NA;NA;NA;NA;NA;16.1626336871667;0.300160304043066;21.0534722221875;1.73902955075;62;0.364483333333333;1.12096111111111
"Pinus_sylvestris";NA;NA;NA;NA;NA;NA;NA;4.54788458543717;0.425496903056393;11.9095486554448;1.29994117324539;62;24.24928909;8.0364804211663
"Plantago_major";NA;NA;NA;NA;NA;NA;NA;17.9531812507708;0.15895237033818;19.3887249535469;1.92;71;0.239380317460317;0.211061518783878
"Platanthera_bifolia";NA;NA;NA;NA;NA;NA;NA;26.7310093897535;0.115366666666667;26.3;NA;76;0.311666666666667;NA
"Poa_annua";NA;NA;NA;NA;NA;NA;NA;31.5522264351;0.239412;37.1810368716058;3.98054839560124;29.6;0.244399111111111;0.269301491185768
"Polygala_amarella";NA;NA;NA;NA;NA;NA;NA;20.6833333333333;0.190201249622453;NA;NA;30;0.0718854166666666;1.0625
"Polygala_comosa";NA;NA;NA;NA;NA;NA;NA;20.881255819491;0.38634731613;21.2261367348405;2.5;75.3571428571428;0.135347222222222;1.48906666666666
"Polygonum_aviculare";NA;NA;NA;NA;NA;NA;NA;25.1130831880143;0.283573318093008;28.9054246861111;2.44472222222222;5;0.418333333333333;1.43263541666667
"Populus_tremula";NA;NA;NA;NA;NA;NA;NA;14.7225276446173;0.331759422395786;23.6656661121907;1.62967965009808;83.3333333333333;19.1208333333333;0.11684685493707
"Potentilla_argentea";NA;NA;NA;NA;NA;NA;NA;14.096111446725;0.3343914821825;NA;NA;79;0.16625;0.0825
"Potentilla_erecta";NA;NA;NA;NA;NA;NA;NA;28.8344991012889;0.29816875;22.2551388888889;1.74784994030826;62;0.191257638888889;0.433610340136054
"Potentilla_heptaphylla";NA;NA;NA;NA;NA;NA;NA;13.76;0.371805;NA;NA;NA;0.1375;NA
"Potentilla_recta";NA;NA;NA;NA;NA;NA;NA;22.8469575101206;0.338553656679215;19.5450694444445;1.74784994030826;73.5;0.268113657407407;0.355270113378685
"Primula_elatior/veris";NA;NA;NA;NA;NA;NA;NA;23.3064720552131;0.169165968605734;19.3403333333333;NA;72.5;0.156135;0.724946825355159
"Prunus_avium";NA;NA;NA;NA;NA;NA;NA;13.6654291646524;NA;19.4092523660317;1.704;41.1666666666667;14.9988888888889;199.044962330623
"Prunus_sp";NA;NA;NA;NA;NA;NA;NA;13.6574812967202;0.318845544600886;21.8721638580902;1.8646099412864;51.94;10.5521695238095;163.656298737309
"Prunus_spinosa";NA;NA;NA;NA;NA;NA;NA;11.4426429417727;0.331961056036192;24.4184253968254;2.02027777777778;70;2.46633333333333;145.028600954594
"Pseudolysimachion_spicatum";NA;NA;NA;NA;NA;NA;NA;12.7025192307045;0.281255235662665;19.2;NA;63;0.219583333333333;0.198858333333333
"Pulsatilla_vulgaris";NA;NA;NA;NA;NA;NA;NA;12.9531797900131;0.267078452380952;19.3;1.5;71.25;0.164722222222222;2.59575730994445
"Quercus_robur";NA;NA;NA;NA;NA;NA;NA;10.41361903338;0.33437964450461;23.9866434171776;1.46808713178295;70;19.8785214285714;1736.82737674825
"Ranunculus_auricomus";NA;NA;NA;NA;NA;NA;NA;22.022755;0.1525;NA;NA;77.5;0.24;2.20824444444444
"Ranunculus_ficaria";NA;NA;NA;NA;NA;NA;NA;29.895;0.1175;28.175;6;70;0.153392857142857;2.72444
"Rosa_canina";NA;NA;NA;NA;NA;NA;NA;14.1045510369092;0.43313259424;24.7075185185556;3.04;75.5;1.71731481481481;33.5340537611203
"Rosa_sp";NA;NA;NA;NA;NA;NA;NA;23.1481123393863;0.392192750626516;22.1991666666666;2.18888888888889;70;1.53577777777778;13.398250082715
"Rubus_caesius";NA;NA;NA;NA;NA;NA;NA;19.6584943150909;0.386666666666667;21.3544003027371;1.28800143786531;45;0.617;4.62100353
"Rubus_sp";NA;NA;NA;NA;NA;NA;NA;21.781236082653;0.380077747048294;21.9737062574273;1.09900071893265;50.5555555555556;0.998783333333335;3.33035629832501
"Rumex_acetosa";NA;NA;NA;NA;NA;NA;NA;27.8744529395333;0.125703783620404;32.9845767263633;4.10016853736616;31.3333333333333;0.548685307017544;0.736480740740741
"Rumex_acetosella";NA;NA;NA;NA;NA;NA;NA;19.0420710178997;0.12811935752744;29.740883814526;3.14691119532631;11;0.138491666666667;0.485801666666667
"Rumex_thyrsiflorus";NA;NA;NA;NA;NA;NA;NA;21.205;0.1263375;NA;NA;NA;0.608333333333333;0.70875
"Salvia_pratensis";NA;NA;NA;NA;NA;NA;NA;16.384;0.18810479649;28.22868225;2.78;70;0.571214285714286;6.324276
"Saxifraga_granulata";NA;NA;NA;NA;NA;NA;NA;19.1535;0.0835;NA;NA;10;0.255555555555556;0.0289066666666666
"Scabiosa_columbaria";NA;NA;NA;NA;NA;NA;NA;19.2554522050235;0.188877975044161;19.0875950008333;1.435882158;70;0.378739087301587;1.901090909
"Sedum_telephium";NA;NA;NA;NA;NA;NA;NA;17.2;0.0633483333333333;23.7131987847587;NA;0;0.416666666666667;0.0550166666666667
"Selinum_carvifolia";NA;NA;NA;NA;NA;NA;NA;18.0108333333333;0.2249225;NA;NA;NA;0.619166666666667;1.54543333333333
"Senecio_jacobaea";NA;NA;NA;NA;NA;NA;NA;22.951151980875;0.194714666666667;19.4317;2.76825;63.8333333333333;0.760111111111111;0.251371547619048
"Sesleria_albicans";NA;NA;NA;NA;NA;NA;NA;11.23759156104;0.2923;19.81;NA;NA;0.12;0.754533333333333
"Sherardia_arvensis";NA;NA;NA;NA;NA;NA;NA;22.12662107;0.1885;NA;NA;NA;0.0958333333333332;1.624055
"Silene_dioica";NA;NA;NA;NA;NA;NA;NA;44.7297110723889;0.115672812908934;33.3282254761905;NA;30;0.559666666666667;0.739384333333333
"Silene_vulgaris";NA;NA;NA;NA;NA;NA;NA;22.9456383964688;0.149601508620382;28.0804963755608;2.25;10.8333333333333;0.424383333333333;1.07031179012099
"Sinapis_alba";NA;NA;NA;NA;NA;NA;NA;26.630522368062;0.146595355536934;48.1340308697626;NA;0;0.546666666666667;5.4232
"Sinapis_arvensis";NA;NA;NA;NA;NA;NA;NA;45.9323066383334;0.109666666666667;NA;NA;NA;0.427777777777778;2.24237047619048
"Sisymbrium_officinale";NA;NA;NA;NA;NA;NA;NA;37.137777778;0.139;NA;NA;10;0.566666666666667;0.293375
"Solidago_canadensis";NA;NA;NA;NA;NA;NA;NA;19.1544124828682;0.308341702688846;16.9775930614471;NA;0;0.924155146897007;0.0742132758349086
"Sonchus_arvensis";NA;NA;NA;NA;NA;NA;NA;20.76550797;0.114583333333333;NA;NA;50;0.908333333333333;0.499166666666667
"Sonchus_sp";NA;NA;NA;NA;NA;NA;NA;24.9637353882123;0.121385512131401;28.0919172205485;3.46;48.3333333333333;0.85106309024309;0.391709821432359
"Spergula_arvensis";NA;NA;NA;NA;NA;NA;NA;16.6211720178055;0.145;29.6;NA;5;0.190199161363645;0.362144155844156
"Stellaria_graminea";NA;NA;NA;NA;NA;NA;NA;24.07221323;0.139815909090909;28.2142857142857;2.08230541633333;5;0.429525;0.28956933332
"Tanacetum_vulgare";NA;NA;NA;NA;NA;NA;NA;21.6750788210591;0.241953911649129;26.0560124638184;NA;57.2;0.7375;0.165826190476191
"Teucrium_chamaedrys";NA;NA;NA;NA;NA;NA;NA;12.3218330761554;0.395085788291974;19.9172666666667;1.825;NA;0.205077;1.389
"Thlaspi_arvense";NA;NA;NA;NA;NA;NA;NA;24.3626743628457;0.165666666666667;40.4;NA;0;0.3075;1.10528703703704
"Thymus_pulegioides";NA;NA;NA;NA;NA;NA;NA;18.88225;0.23408;18.6456275;1.58;NA;0.165666666666667;2.46759111108333
"Tilia_sp";NA;NA;NA;NA;NA;NA;NA;24.5442233133271;NA;25.1217724867725;2.32;85;20.2205833333333;35.4261265398551
"Trifolium_alpestre";NA;NA;NA;NA;NA;NA;NA;12.09;0.274744707890462;25.225;1.081;40.6666666666667;0.212916666666667;1.29
"Trifolium_arvense";NA;NA;NA;NA;NA;NA;NA;21.2805513035;0.351818346781659;25.84;1.14666666666667;NA;0.168149367140216;0.350465759637188
"Trifolium_campestre/dubium";NA;NA;NA;NA;NA;NA;NA;41.4903363554;0.25025;38.8376666666667;1.5892;NA;0.272642833889214;0.320599947089947
"Trifolium_medium";NA;NA;NA;NA;NA;NA;NA;14.5;0.263;34.4;NA;68.8333333333333;0.366666666666667;2.02844
"Trifolium_montanum";NA;NA;NA;NA;NA;NA;NA;17.8858550718;0.264002690981547;37.395890625;1.7945;48;0.231533333333333;0.76765625
"Tripleurospermum_inodorum";NA;NA;NA;NA;NA;NA;NA;35;0.164430698361437;16.5;NA;NA;0.59375;0.4075
"Trisetum_flavescens";NA;NA;NA;NA;NA;NA;NA;25.772117659;0.286968420852381;27.2632752665;1.387126370625;60;0.453958252925;0.338195833333333
"Valeriana_officinalis";NA;NA;NA;NA;NA;NA;NA;26.8642967427;0.167463162590984;17.5275;NA;65;0.629166666666667;1.08058333333333
"Valerianella_locusta";NA;NA;NA;NA;NA;NA;NA;31.7;0.103;NA;NA;NA;0.19;1.38431666666667
"Veronica_arvensis";NA;NA;NA;NA;NA;NA;NA;27.7034878604286;0.17687;25.44;1.064;70;0.117780794953404;0.121761190476191
"Veronica_officinalis";NA;NA;NA;NA;NA;NA;NA;25.1143717033333;0.28;14.979907249;2.5;64;0.1564375;0.123066666666667
"Veronica_serpyllifolia";NA;NA;NA;NA;NA;NA;NA;22.85810126;0.175;NA;NA;49;0.204166666666667;0.051004
"Veronica_teucrium";NA;NA;NA;NA;NA;NA;NA;24.95;0.18512;NA;NA;75.3333333333333;0.3;0.2
"Vicia_cracca";NA;NA;NA;NA;NA;NA;NA;28.6970304274258;0.229636978856036;39.5547397665717;2.08317005077778;42.25;0.7332625;21.4992214285715
"Vicia_hirsuta";NA;NA;NA;NA;NA;NA;NA;17.12705970125;0.240333333333333;43.2098;NA;70;0.356875;6.22054880952381
"Vicia_lathyroides";NA;NA;NA;NA;NA;NA;NA;26.011610414;0.217;NA;NA;NA;0.124395870421538;2.2474
"Vicia_sativa";NA;NA;NA;NA;NA;NA;NA;24.3797942180448;0.241776592807196;54.7159720890361;2.57;70;0.399495833333333;23.0832829262653
"Vicia_sepium";NA;NA;NA;NA;NA;NA;NA;25.291684;0.250168515614971;42.89012;2.32358350939665;61.5;0.462875;20.7690444444445
"Vicia_sp";NA;NA;NA;NA;NA;NA;NA;24.7159351282637;0.24860569574949;42.8035959537028;2.30084249236891;62.4624742268041;0.464023937685441;19.068019025926
"Vicia_tetrasperma";NA;NA;NA;NA;NA;NA;NA;18.082;0.278225;NA;NA;70;0.3625;3.744125
"Vicia_villosa";NA;NA;NA;NA;NA;NA;NA;38.3841400765569;0.174519186729593;44.3780196999739;1;NA;0.5643;30.1348005588709
"Viola_cf_alba";NA;NA;NA;NA;NA;NA;NA;23.4433527681;0.253575017662806;17.3686944444444;NA;NA;0.0812222222222222;2.194
"Viola_hirta";NA;NA;NA;NA;NA;NA;NA;24.177142857;0.21888021966089;19.1;NA;71.75;0.07225;3.12446
"Viola_sp";NA;NA;NA;NA;NA;NA;NA;24.177142857;0.217157300570842;19.1;NA;71.3904166666667;0.0782723611111111;2.9549713
"Viola_tricolor";NA;NA;NA;NA;NA;NA;NA;33.23925;0.15344;21.28;3.069;50;0.183333333333333;0.777007142857143
"Silene_flos-cuculi";NA;NA;NA;NA;NA;NA;NA;36.154;0.14;15.55;1.78;15;0.540625;0.18475
"Carex_leporina";NA;NA;NA;NA;NA;NA;NA;23.3425;0.336;NA;NA;5;0.495;0.577198333333333
"Epilobium_tetragonum";NA;NA;NA;NA;NA;NA;NA;46.1733333333333;0.181475848765432;15.3425;3.538;68.3333333333333;0.494444444444445;0.0754008333333333
"Juncus_bufonius";NA;NA;NA;NA;NA;NA;NA;24.84377682;0.1365;14.86;2.297;15;0.176975;0.0252279047619048
"Senecio_sp";NA;NA;NA;NA;NA;NA;NA;26.9880875102463;0.173078870610561;24.9337244897959;2.34298469387755;59.6566666666667;0.863712189218924;0.982858890594058
"Sonchus_asper";NA;NA;NA;NA;NA;NA;NA;31.8910616153921;0.123804806830918;28.5315976837905;3.46;52.5;0.800767857142857;0.285636904772322
"Vaccinium_myrtillus";NA;NA;NA;NA;NA;NA;NA;18.9111182837737;0.365894547222199;18.9661414311633;1.23521943407223;55.625;0.333359722222222;0.32
"Armeria_maritima";NA;NA;NA;NA;NA;NA;NA;15.6423736418485;0.184275;19.34;2.5;30;0.153358888888889;1.25785432316667
"Carduus_defloratus";NA;NA;NA;NA;NA;NA;NA;15.04;0.1687225;19.93;1.56;NA;0.336833333333333;2.49
"Cirsium_sp";NA;NA;NA;NA;NA;NA;NA;18.8197049640722;0.153298905393357;27.4690527099109;1.54641379491098;72.5302040816327;0.793276303780984;2.17046093176545
"Erigeron_annuus";NA;NA;NA;NA;NA;NA;NA;25.1601408982857;0.264472367995642;21.7323376057943;NA;50;0.782407407407408;0.047
"Euphrasia_sp";NA;NA;NA;NA;NA;NA;NA;15.8225;0.477070625;NA;NA;0;0.195;0.131
"Ononis_repens/spinosa";NA;NA;NA;NA;NA;NA;NA;23.336022445739;0.284160619761667;50.0749625935187;2.21285471284121;70;0.387888888888889;5.01073928571429
"Papaver_sp";NA;NA;NA;NA;NA;NA;NA;38.75;0.205283333333333;NA;NA;5;0.3785;0.176066666666667
"Pinus_mugo";NA;NA;NA;NA;NA;NA;NA;4.4135;NA;11.85;0.825;31;18.2973777777778;10.9423518718916
"Ranunculus_sp";NA;NA;NA;NA;NA;NA;NA;25.2335549734109;0.158856035418418;26.4222934312093;4.55577892369661;70.539792929293;0.23542189647179;2.37464908833888
"Raphanus_raphanistrum";NA;NA;NA;NA;NA;NA;NA;26.70584044;0.12;NA;NA;0;0.506666666666667;18.0478119047619
"Secale_cereale";NA;NA;NA;NA;NA;NA;NA;32.0110212179996;0.140865122099551;57.4209481240005;NA;40;1.0668;26.7632245844772
"Secale_sp";NA;NA;NA;NA;NA;NA;NA;32.0110212179996;0.140865122099551;57.4209481240005;NA;40;1.0668;26.7632245844772
"Trifolium_sp";NA;NA;NA;NA;NA;NA;NA;25.0850884009908;0.245143175044029;41.5609951714437;2.50725295509679;68.639960208142;0.269061399928463;0.957647593256963
"Alopecurus_geniculatus";NA;NA;NA;NA;NA;NA;NA;NA;0.211945;NA;NA;48.5;0.375158333333333;0.376806349206349
"Anchusa_arvensis";NA;NA;NA;NA;NA;NA;NA;NA;0.1165;NA;NA;NA;0.278125;5.354
"Anchusa_officinalis";NA;NA;NA;NA;NA;NA;NA;NA;0.1139675;NA;NA;20;0.483333333333333;5.655
"Aphanes_arvensis";NA;NA;NA;NA;NA;NA;NA;NA;0.264;NA;NA;70;0.094375;0.217408333333333
"Astragalus_glycyphyllos";NA;NA;NA;NA;NA;NA;NA;NA;0.241847443394445;NA;NA;10;0.460723684210526;5.38091833333333
"Berula_erecta";NA;NA;NA;NA;NA;NA;NA;NA;0.0904233333333333;NA;NA;10;0.675688;0.584014855072464
"Centaurea_cyanus";NA;NA;NA;NA;NA;NA;NA;NA;0.180310563097778;13.783;NA;70;0.493541666666667;4.01540625
"Centaurium_erythraea";NA;NA;NA;NA;NA;NA;NA;NA;0.263413344385;NA;NA;70;0.193613636363636;0.0102
"Chaerophyllum_temulum";NA;NA;NA;NA;NA;NA;NA;NA;0.249;NA;NA;70;0.61875;2.0404375
"Chamaespartium_sagittale";NA;NA;NA;NA;NA;NA;NA;NA;0.21711;21.2;NA;NA;0.20075;2.5
"Cirsium_eriophorum";NA;NA;NA;NA;NA;NA;NA;NA;0.183;NA;NA;NA;1.0375;8.562
"Cruciata_laevipes";NA;NA;NA;NA;NA;NA;NA;NA;0.221633833333334;19;2.995;40;0.314083333333333;3.18093333333333
"Euphorbia_helioscopia";NA;NA;NA;NA;NA;NA;NA;NA;0.196666666666667;16.6;1.4;30;0.3;2.13358333333333
"Festuca_gigantea";NA;NA;NA;NA;NA;NA;NA;NA;0.216;28.25;2.55;25;0.76875;2.8555
"Galium_pumilum";NA;NA;NA;NA;NA;NA;NA;NA;0.190605;20.92;1.545;NA;0.09996875;0.429
"Gentiana_verna";NA;NA;NA;NA;NA;NA;NA;NA;0.25660938867;NA;NA;70;0.0444444444444445;0.074
"Geranium_pratense";NA;NA;NA;NA;NA;NA;NA;NA;0.2375;NA;NA;60;0.404625;8.22481333333333
"Geranium_pusillum";NA;NA;NA;NA;NA;NA;NA;NA;0.201666666666667;NA;NA;100;0.211111111111111;0.83105
"Hordeum_vulgare";NA;NA;NA;NA;NA;NA;NA;NA;0.1767475;NA;NA;50;0.8315;43.0974621696504
"Hypericum_hirsutum";NA;NA;NA;NA;NA;NA;NA;NA;0.2755;NA;NA;10;0.47925;0.0755333333333333
"Lamium_maculatum";NA;NA;NA;NA;NA;NA;NA;NA;0.197;41.15556;NA;NA;0.2875;1.6048333335
"Lathyrus_nissolia";NA;NA;NA;NA;NA;NA;NA;NA;0.201073333333333;NA;NA;NA;0.483333333333333;8.881
"Lepidium_campestre";NA;NA;NA;NA;NA;NA;NA;NA;0.195216666666667;NA;NA;NA;0.339375;2.1604
"Listera_ovata";NA;NA;NA;NA;NA;NA;NA;NA;0.11603;NA;NA;70;0.38;NA
"Lysimachia_nummularia";NA;NA;NA;NA;NA;NA;NA;NA;0.219625;NA;NA;69;0.416666666666667;0.240333333333333
"Matricaria_discoidea";NA;NA;NA;NA;NA;NA;NA;NA;0.155672404574375;32.25;NA;NA;0.14175;0.110383333375
"Melilotus_altissimus";NA;NA;NA;NA;NA;NA;NA;NA;0.23;NA;NA;NA;0.833333333333333;4.19395833333333
"Pastinaca_sativa";NA;NA;NA;NA;NA;NA;NA;NA;0.152;NA;NA;55.6666666666667;0.816666666666667;3.47558095238095
"Persicaria_amphibium";NA;NA;NA;NA;NA;NA;NA;NA;0.24517;NA;NA;10;0.44262;4.03304710144928
"Phyteuma_spicatum";NA;NA;NA;NA;NA;NA;NA;NA;0.1532925;24.7;1.47;70;0.3472;0.149579166666667
"Platanthera_chlorantha";NA;NA;NA;NA;NA;NA;NA;NA;0.142;NA;NA;80;0.318333333333333;0.003
"Saxifraga_tridactylites";NA;NA;NA;NA;NA;NA;NA;NA;0.123663333333333;NA;NA;NA;0.0508333333333333;0.01335
"Senecio_erucifolius";NA;NA;NA;NA;NA;NA;NA;NA;0.21968125;NA;NA;70;0.591666666666667;0.331388888888889
"Seseli_annuum";NA;NA;NA;NA;NA;NA;NA;NA;0.372711111111111;NA;NA;NA;0.475;NA
"Silaum_silaus";NA;NA;NA;NA;NA;NA;NA;NA;0.2885;NA;NA;85;0.566666666666667;2.03138888888889
"Stachys_arvensis";NA;NA;NA;NA;NA;NA;NA;NA;0.171;NA;NA;NA;0.2;0.724533333333333
"Stachys_sylvatica";NA;NA;NA;NA;NA;NA;NA;NA;0.207;24.338035;2;70;0.513888888888889;1.4585
"Thlaspi_perfoliatum";NA;NA;NA;NA;NA;NA;NA;NA;0.354159523809524;NA;NA;0;0.141666666666667;0.4928625
"Veronica_agrestis";NA;NA;NA;NA;NA;NA;NA;NA;0.117;NA;NA;30;0.25;0.4465
"Veronica_filiformis";NA;NA;NA;NA;NA;NA;NA;NA;0.1665;NA;NA;70;0.175;0.278
"Veronica_polita";NA;NA;NA;NA;NA;NA;NA;NA;0.144666666666667;NA;NA;NA;0.22;0.344
"Viola_arvensis";NA;NA;NA;NA;NA;NA;NA;NA;0.175561111111111;NA;NA;47.3333333333333;0.213888888888889;0.381
"Geranium_columbinum";NA;NA;NA;NA;NA;NA;NA;NA;0.268;NA;NA;NA;0.252083333333333;3.64285
"Gagea_lutea";NA;NA;NA;NA;NA;NA;NA;NA;0.103;NA;NA;70;0.1825;3.3635
"Lysimachia_nemorum";NA;NA;NA;NA;NA;NA;NA;NA;0.1965;NA;NA;70;0.25625;0.4278
"Malva_sylvestris";NA;NA;NA;NA;NA;NA;NA;NA;0.170615;28.9;1.6;70;0.575;4.34563333333333
"Erigeron_acris";NA;NA;NA;NA;NA;NA;NA;NA;NA;NA;NA;75;0.301428571428571;0.123333333333333
"Muscari_neglectum";NA;NA;NA;NA;NA;NA;NA;NA;NA;NA;NA;42;0.183125;6.049725
"Odontites_vernus";NA;NA;NA;NA;NA;NA;NA;NA;NA;NA;NA;0;0.4;0.202333333333334
"Viola_collina";NA;NA;NA;NA;NA;NA;NA;NA;NA;NA;NA;80;0.09;1.9
"Odontites_vulgaris";NA;NA;NA;NA;NA;NA;NA;NA;NA;NA;NA;0;0.3;0.219
"Dianthus_carthusianorum";NA;NA;NA;NA;NA;NA;NA;NA;NA;NA;NA;NA;0.286666666666667;1.27533333333333
"Euphrasia_rostkoviana";NA;NA;NA;NA;NA;NA;NA;NA;NA;NA;NA;NA;0.183333333333333;0.31
"Gagea_pratensis";NA;NA;NA;NA;NA;NA;NA;NA;NA;NA;NA;NA;0.14;NA
"Matricaria_recutita";NA;NA;NA;NA;NA;NA;NA;NA;NA;NA;NA;NA;0.55;0.14475
"Orobanche_caryophyllacea";NA;NA;NA;NA;NA;NA;NA;NA;NA;NA;NA;NA;0.3125;NA
"Vicia_parviflora";NA;NA;NA;NA;NA;NA;NA;NA;NA;NA;NA;NA;0.3125;6.378
"Galeopsis_cf_bifida";NA;NA;NA;NA;NA;NA;NA;NA;NA;NA;NA;NA;0.5375;3.50485925922222
"Orobanche_sp";NA;NA;NA;NA;NA;NA;NA;NA;NA;NA;NA;NA;0.3125;NA
