"SRL";"RTD";"AD";"RN";"RHL";"AMF";"RHI";"SM";"SLA";"Height";"LDMC";"LNC";"LPC";"PC1";"PC2";"PC3"
"Achillea_millefolium";4.02331837494897;-1.51091320778556;-1.17955123117346;0.126460313974372;0.429765846711904;39.9771742639167;3.11467120859757;-1.89259014701063;14.4460909814819;-1.31440003823877;0.463394196938194;3.20279045029439;1.52521942124034;-0.404680714850841;-0.36508639139506;-0.569653332742946
"Agrostis_stolonifera";5.35701464202911;-1.86594436741743;-1.78796667098936;-0.0785072458150639;0.836298059904482;16.625;6.61332829305084;-3.05430025601304;24.9847970080824;-1.04246737810155;0.54255299698647;3.50571871184128;1.23956345476173;0.165046215438544;1.26835777885155;1.15776505380418
"Alopecurus_pratensis";4.95067413269683;-1.84938858206469;-1.33866042067512;0.043177661907804;0.802619047846902;17.0803028831667;8.18764352584633;-0.0819011130975214;23.5004778285892;-0.706275375322293;0.57038260663004;3.06740052598895;1.31529464379659;-0.249851340011375;-0.0290124997287746;1.4876152939637
"Anthriscus_sylvestris";5.36214078831299;-1.5535302804958;-1.76823827418671;0.801404075298629;0.513031792712043;34.6354706491667;2.42922784798311;1.41247529650254;41.6403970378067;-0.520239779674664;0.454179210354155;3.39178605392855;1.92353840616713;1.88634312193747;0.916568205726206;-0.135354790685291
"Arrhenatherum_elatius";4.06257865945845;-1.4725787297169;-1.26471409961512;-0.204182511446343;0.719040945241182;32.6817973188667;5.73921042391721;0.985913809081175;38.2822431365134;-0.225280485951716;0.522177761621991;3.36199958096148;1.69923808367517;0.484954937361259;-0.233894759629874;0.773337858623675
"Bellis_perennis";4.12855810226139;-1.74774258381128;-1.12716609608617;-0.151979525722198;0.357549530368405;71.1477724583333;2.15449310672294;-1.98164959552196;33.5787869367778;-4.8580602997664;0.396148446709473;3.14657152427779;1.80787679530437;0.165754683779815;0.55288289459526;-2.53943616410389
"Bistorta_officinalis";5.52966715440935;-0.939047718996771;-2.06777651014933;0.289666468344933;0.628070236518178;4;6.25762692533413;1.58740962177991;22.0805715929942;-1.30424892786813;0.408105301362688;3.41350079429869;1.54344492037203;0.343463422147896;1.75779980060711;0.258454897896068
"Brachypodium_pinnatum";4.70718511139482;-1.2166453555797;-1.48884401613569;-0.225040595144231;0.419097789569716;43.2353818655556;4.97041374789083;1.01157436010521;25.2948122007178;-0.881758175861087;0.627436253098339;2.88142981428298;1.18546755895441;-1.14061416477951;0.384623727870687;-0.290010702296849
"Bromus_erectus";3.32034879379883;-1.23634296213419;-1.12430623575991;-0.374081213883442;0.595420820839252;37.2552448903333;7.57263786052566;1.22507262911566;18.5622420262664;-0.939354881236571;0.593409079663852;2.84728851679532;1.13818569076696;-1.73634968491491;-0.889844215478327;0.410725449627133
"Bromus_hordeaceusincl_B_commutatus";5.24969156387051;-1.81043273449368;-1.61877301591178;-0.156068591447845;0.893024666839239;28.46894986;8.0428476051707;1.08162558309182;22.9231070194115;-0.940302452988582;0.486309870247128;3.26035066272626;1.08616736233418;-0.00500137844174858;0.321363782369508;1.36140161103052
"Carex_flacca";4.01277290852829;-1.4725787297169;-1.18155920948904;-0.507693739290924;0.581377674149945;3.225806452;6.98821332316065;-0.260446354832538;16.1347624044308;-0.500067607515107;0.572032097072456;2.78869345390907;1.09644115122714;-1.57239947817703;-0.479928090722887;0.90355909921364
"Carex_hirta";4.60760721402151;-1.5863726395031;-1.50426741482856;0.174605860720843;0.70830705841464;1.61563786006667;7.91795834543224;0.953249272859687;18.30754679375;-1.13741431246848;0.543394884039222;3.14153317567191;0.684068033198048;-0.835863840094713;0.0876419224223134;1.18831791502642
"Carum_carvi";6.0850269883855;-2.03510572785978;-1.68893215942858;0.876561984243013;0.272399319015302;39.9532969016667;2.55441211281252;0.847469274266432;23.9370833341667;-1.32569620776738;0.444603756169468;3.32657859533432;1.37322612850178;1.31411505289684;0.537095926503672;-0.502054197967079
"Centaurea_jacea";2.53903965836793;-1.75494549610534;-0.362992476638942;0.249367632440326;0.416661666603333;44.63061745;2.18550110684026;0.314632297318333;20.7467905133395;-0.954508152055202;0.457934045984921;3.1806110809032;1.19749899551378;-0.353650282440249;-2.60816408742807;-0.408193800979374
"Cerastium_glomeratum";5.62372865580982;-1.65722857627045;-1.81995320359884;0.127018865512758;0.871526439071128;0.666666666666667;4.57253168168357;-1.24246928350367;28.0584645010556;-2.4226836160046;0.430361198119605;2.96141684313887;0.907524104363074;-0.127906859725828;1.79223621329511;0.252348943996781
"Cirsium_arvense";4.42308860039874;-2.37694951187357;-0.925520697252846;0.341426993320632;0.320713490517627;30.8540288233333;3.51947954353102;0.525709134205906;20.9584940255988;-0.344790377026634;0.38209758390225;3.20726447501954;0.956611742297242;0.718866192817833;-1.73751414769938;0.330626853690128
"Crepis_biennis";4.55916115089151;-1.87405471195489;-1.20208569714438;0.541848115657646;0.408193234877797;65.2914988483333;4.31146465436437;0.380352407293089;28.54015646;-0.363309074109239;0.364005494464026;3.23867845216438;1.73018135118837;1.27096598845175;-0.859514196105062;-0.149780285245654
"Dactylis_glomerata";4.32715604293378;-1.48353974555873;-1.34351162344679;-0.139293462591423;0.721762613150906;12.2186233050139;5.55660317041056;-0.225881566765639;23.2961267141611;-0.718249464497257;0.511811047024556;3.23863193418767;1.62629621600081;-0.138677177189593;0.0404052693849357;0.769708911071437
"Daucus_carota";5.14770763238876;-1.8578992717326;-1.57584196300559;0.486457464571046;0.180005878607709;29.1527777766667;2.01728640612416;0.0800085346968254;17.3407151007079;-0.72534340833988;0.506280598185247;3.10027569893482;1.48195186016142;0.325644684792067;0.0190249779016319;-0.510575291385032
"Deschampsia_cespitosa";4.72924450109002;-1.44110259761488;-1.60694103223551;0.292730848426958;0.879227881154823;0;5.72518801234219;-1.24000347419169;13.8291654341006;-0.613552937227855;0.594964839397101;2.87758824053782;1.14562576364907;-1.08084754515812;0.608874517543948;1.19091241319347
"Dipsacus_fullonum";4.22068348426512;-2.17448509036673;-0.977102871270912;0.790106453902234;0.336652068660409;86.9506499233333;2.06892683550353;0.95078877226562;17.85;0.196271834082364;0.415932686861708;2.62466859216316;1.81314643644687;0.663548715982209;-2.06157217980134;-0.43987365307506
"Elymus_repens";4.44849363364382;-1.84042464120934;-1.21795904630068;0.176280873659047;0.690401214502199;17.9901852654167;7.08787195748445;1.13576402440594;21.3611319203667;-0.656353831441323;0.564697844335353;3.2085785413443;1.61501063863161;0.0637124055017245;-0.660101518740905;1.23107802003826
"Euphorbia_cyparissias";4.14937184879795;-1.29736815192549;-1.27472317168535;-0.468551109327861;0.337184195581584;81.46269525;3.33610807678648;0.825577967740435;20.4205;-2.1785147127272;0.563718672782833;3.22221690390912;1.43605362016883;-0.970663880828128;-0.156503523561979;-1.47124452920282
"Festuca_arundinacea";3.13418901670101;-1.66600826392249;-0.820526109889776;0.00963509748381281;0.609377476610352;34.38079777;7.24920826090684;0.246864685292701;18.0757149560333;-0.438813432766335;0.506246140059359;3.05460986372836;1.43255558862475;-0.649152615673384;-1.77102319757948;0.853488428757928
"Festuca_ovina";4.5750975017318;-0.945462109174435;-1.6609943993485;-0.36751307247321;0.630814869104504;31.0758258258333;6.88971370728373;0.171891331418636;15.3968772035229;-1.31561107456772;0.603224213625198;2.60400588985034;1.24010631275409;-2.0271710022111;0.865217226727578;0.018165513857255
"Festuca_pratensis";4.15643216564646;-1.64358579986666;-1.19149541614816;-0.0953412114239043;0.816832388851097;18.3702329301905;7.3601622619924;0.755174179929687;23.694328072746;-0.891421768272231;0.53326970781401;3.06177640785143;1.54689259972479;-0.334622847974083;-0.477092177857282;1.15729204327926
"Festuca_rubra";5.01886797902273;-1.31593945466088;-1.70271127906253;-0.172046379855892;0.781813400797573;11.4693877555556;7.7671516861431;0.184189283012213;18.5608384715231;-1.3258710751111;0.562326719358121;2.62451974444016;1.37328248244129;-1.25577749801146;0.968610083477686;0.767196414505157
"Galium_mollugo";6.13443871605909;-1.6094379124341;-1.71981096991547;0.722580072355141;0.518606451383578;28.885167465;4.72885202454042;-0.24871780243364;26.5110971653108;-0.846828745201254;0.494083956599043;3.13631118421405;1.61234207377653;0.804221321736288;1.17847355526251;0.180881653552096
"Glechoma_hederacea";4.91240975765541;-1.92035070360104;-1.45939087915387;1.07243120472027;0.577877625934381;58.86008098;2.83284534750644;-0.371063681390832;41.4733193605928;-1.80643823650535;0.394252714759201;3.76752477122662;1.56612334343713;2.19825189535591;0.388345667008076;-0.470720501189031
"Helianthemum_nummularium";3.69948963322595;-0.661002727233379;-1.26561182936428;-0.228495811103668;0.5382146411981;3.167420815;2.94174202726888;-0.0259407125717873;15.3670426324996;-2.97241551656946;0.497662241925126;3.12459913613659;1.42208115619848;-1.55951740097989;0.716484117777872;-1.16921726127324
"Helictotrichon_pubescens";3.92526823217817;-1.46197622075764;-1.22500730117306;-0.385216978470351;0.952802882727237;32.3245188333333;9.58859946151331;0.59853294900364;20.3596933107143;-1.16907749252891;0.544991981846661;2.90768149293515;1.73095991352262;-0.928476694720855;-0.39702528768058;1.28758542491145
"Heracleum_sphondylium";4.79549849193394;-1.63032112335052;-1.45920919918741;0.609848703576478;0.368220536816366;55.25781276;2.61827765492254;1.96346936542742;20.1787437296;-0.438265031617463;0.453400117629744;3.56147290911429;1.92527054375915;1.1908783577409;-0.477785466393628;-0.320838960981991
"Hieracium_pilosella";3.99203494339753;-1.29767316946636;-1.16464525927255;-0.355762046663891;0.548419561254581;64.2570082658333;4.10067086706553;-1.72958982308923;17.06871905987;-3.26473996771687;0.45817087404143;2.72108486603019;1.54722164676415;-1.40551703147642;0.238922578548282;-1.52961598872473
"Holcus_lanatus";4.78374166446417;-1.33496773395455;-1.49187712369496;-0.0146638106727992;0.786686970041663;12.9217171719167;6.91963244194854;-0.978933273739112;20.0075117104514;-0.838298165072575;0.495506569535172;3.11819684524039;1.248750324651;-0.583380275180884;0.594222733740672;0.888658850732137
"Juncus_effusus";3.32910447192289;-1.79376147189873;-0.867579935933662;-0.179880260417017;0.792657275035476;8.55251141666667;7.2902091741824;-4.00146156655655;14.8870359232894;0.121990194537476;0.516225431225831;2.59730924026234;1.2813088035092;-1.3769246919734;-1.15871890278954;1.49206841862303
"Leontodon_autumnalis";3.61666712000001;-1.68559927339967;-0.919462423039791;0.443302047824546;0.339373308221688;57.7821986433333;2.74814730069793;-0.362525357616908;26.4990550094449;-1.86371859898507;0.429452162425233;2.96965730650868;1.66853228916914;0.157398217135142;-0.997361779061731;-1.11810968203691
"Leucanthemum_vulgare";4.3117382815557;-1.67932403989827;-1.23020270905571;0.0326022211621368;0.417435956564996;59.7857722383333;2.21917765478566;-0.714936179386439;19.8324716249953;-0.933267710708875;0.40608350912921;3.19907879363252;1.27205890468956;0.0326685631709595;-0.559062260232413;-0.713453238316588
"Lolium_perenne";4.52690922337202;-1.75892001984492;-1.37427458127959;-0.0245500514309382;0.811835732152755;20.9152715444872;8.2873995079184;0.607414710536125;17.927366060913;-1.48749277129192;0.4615192179315;3.28344859159224;1.92325682708962;0.23216251570756;-0.181846681307454;1.0955628104758
"Lotus_corniculatus";3.27032910645712;-1.58963528513792;-0.786359562282124;1.24469271446103;0.421217572045612;43.20925553;7.01571963094307;0.300877407423143;20.6588214496293;-1.8318656373456;0.468527140048865;3.49003283757556;1.18746177086264;0.196358790695761;-1.52302638488383;-0.00200940829595649
"Origanum_vulgare";5.2207701536468;-1.08866195781494;-1.91913839855789;0.180334588113284;0.506403440285839;56.1018732733333;6.23762189192858;-2.31096454720913;21.4412623540628;-0.975644222099975;0.545668059020317;2.94577230042478;1.30384048104053;-0.856816895804239;1.54976164463007;-0.346626672322481
"Phalaris_arundinacea";4.44184701160345;-1.82842345359964;-1.28995440868315;0.0536161736523774;0.660550065475737;23.5030721961667;7.28006249080322;-0.394496319203074;20.2594723306071;0.30932847208289;0.538394044041088;3.46549994416467;1.76862111448666;0.412834609874208;-0.648645775963396;1.51150597434169
"Phleum_pratense";4.03496014325831;-1.78657294254076;-1.14308677876994;-0.0852292898607882;0.811889086554726;14.53757014;6.40171726335989;-1.06459939749038;22.0908654887527;-0.604437809210053;0.570790712770355;3.0703205253695;1.69845412648937;-0.335958062403038;-0.511746744508789;1.23534235508145
"Pimpinella_major";4.44621353149887;-1.96849664772811;-1.16678406877144;1.10692549062831;0.223613008715206;66.3956466066667;1.23082822251252;0.826804537466779;31.761834580875;-0.641568146384048;0.475378796329832;3.2092294478164;1.75606093288359;1.42652033901608;-0.951014552487334;-0.832073285101063
"Plantago_lanceolata";4.25810369457251;-1.71897379950241;-1.21897364533929;0.411952302907664;0.459054253964968;60.7724671533333;5.04726798377102;0.504280481750448;14.9822744478014;-2.04614100996388;0.445137715385183;3.05154232468984;1.47895521196407;-0.196541670563984;-0.670111811288101;-0.589781627861305
"Plantago_media";4.18717692730266;-1.47306334324711;-1.26506049630577;0.416763605778582;0.464802161438367;79.3842077766667;5.65237076927313;-1.09795638125099;17.5129869836667;-1.99873222940769;0.495180867040364;3.0179958118062;1.27003936946852;-0.71147005673091;-0.250605239874493;-0.830952744516734
"Poa_pratensis";5.17664519906566;-1.54350234130968;-1.78544000548334;0.00276574758972507;0.719769434217799;10.3871219848246;6.2183003463687;-1.39277512436951;19.7223504754269;-1.50743709210374;0.599012211072195;2.79477633653241;1.19474015545953;-1.04906686614736;1.25515985699824;0.556216209816063
"Poa_trivialis";5.63777893027867;-1.71252478022139;-1.88804554172746;0.0553782624367896;0.757847688156693;6.13006420322222;6.21005408153227;-1.69421978899825;31.8979174155484;-0.70426519646503;0.556468528373658;3.05534135084572;1.54934154653741;0.272246845119053;1.57706921273192;1.03372311882957
"Potentilla_anserina";4.85888173886872;-1.57503648571677;-1.38066578686107;0.373357646675709;0.270581385169047;25.7183720322222;1.71053821939178;-0.1643244800923;15.579752175309;-2.35880729150047;0.522061922847176;3.23325449162846;1.46755651409699;-0.208333307739513;0.331748224599064;-1.13118278733109
"Potentilla_reptans";4.32519169792134;-1.47548993992436;-1.2975511512855;0.40150673080121;0.659782912782682;84.7006651866667;4.78407887581298;-1.25097706417226;24.5315783404384;-2.04663571050106;0.508447967261962;3.35440691847293;1.16043265162564;-0.253041180860406;0.082112597622246;-0.668787336612926
"Potentilla_verna";3.86660714189766;-0.894855451154089;-1.49195121697844;-0.345250366572844;0.42470905060602;41.03658537;2.40257314633707;-0.623523952234063;13.8452919732063;-3.16901138993725;0.58102637237219;3.17151141050098;1.35443715247331;-1.74783748516693;0.844555660476755;-1.70104082742833
"Prunella_sp";4.38933320985632;-1.56382740118205;-1.27755954482311;-0.192479263805559;0.259178724049641;80.1849525566667;0.765005943549896;-0.154997019187752;29.9992355432777;-3.05335372537873;0.494652499279127;2.7422607346677;1.7183810210001;-0.419463803328337;0.26758548454305;-2.35955434283027
"Ranunculus_acris";4.35865138314893;-1.66073120682165;-1.02091078100426;-0.297056498362911;0.650480591562884;36.69563244;4.34548802303416;0.435856973642916;18.6416053265034;-1.17827884971215;0.467717917664127;3.25108693154073;1.73766096386838;-0.0560476220316938;-0.694045130080125;0.173799960676283
"Ranunculus_bulbosus";4.2638216350032;-2.0385128861814;-1.08701315282476;-0.142523896656774;0.451480589037644;69.7638368127778;2.27189090754327;1.00278692989577;21.6327974409153;-2.25306708988889;0.447918432305199;3.14051852987477;1.59752346949552;0.187414788715958;-0.924605699436767;-1.00332922283375
"Ranunculus_repens";3.9772577127433;-1.71585718944017;-0.87963741422612;0.127554445857677;0.494985603277894;37.5839274381905;3.1750739793181;0.851002418608707;23.0995562713949;-1.56996207887357;0.417297807480382;3.2004946955388;1.91889205963285;0.476003855575099;-1.05430291230851;-0.400284208211747
"Rumex_crispus";4.5507667971087;-1.72410082075424;-1.42531242814062;0.606237696268157;0.738297591196576;9.02342157466667;4.80280444670958;0.603477348766223;17.5690705127273;-0.153780309550997;0.367500884189413;3.23097038986083;1.48323969741913;0.734767844043782;-0.441079135211188;1.04543290364047
"Rumex_obtusifolius";4.41677019287367;-1.50282817737584;-1.55494972715003;0.561111304438604;0.608244285765733;7.28707893333333;4.11019040412567;0.398832046805063;26.2542961883536;-0.767067693825165;0.367249914908091;3.50939501574577;2.0342701733054;1.35832841552907;0.210363390428801;0.391979379795392
"Sanguisorba_minor";4.3904080787018;-1.04380849662744;-1.46212004701577;-0.3062887928131;0.279376786795181;41.8438926833333;3.44513292631794;1.72166896779711;18.1958797101343;-1.56048220795087;0.571691771747925;3.01334440434586;1.35037639090922;-1.21848079855714;0.23767282795104;-1.05747629436981
"Stellaria_media";5.63917679076944;-1.7309779969682;-1.7946971132154;0.367610999001814;0.928519331097755;1.70370370366667;6.78378918140723;-0.986695313641037;37.7243331989275;-1.49915832503294;0.360090635573265;3.48768503284386;2.19005442854738;1.93086917457944;1.60650503977724;1.07598352631017
"Taraxacum_sp";4.49279843397869;-1.92342924170588;-1.15444217362878;0.708946469843065;0.372659983424853;61.481190068587;3.25185464944316;-0.639916533202912;28.9164938761842;-2.66016242991693;0.411379627899218;3.2984657353891;1.87736523632113;1.08838633099585;-0.238550681427241;-1.14754522100649
"Tragopogon_pratensis";4.29392375311891;-1.92186815457508;-1.04801423590502;0.873226347188244;0.360077427784636;79.8633184;5.27024926497789;2.0787633430051;25.2834248753215;-1.10348279109282;0.447664292210755;3.01714036521493;1.2722246482267;0.512922295910557;-1.43415754246831;-0.381505639246201
"Trifolium_pratense";4.19659190364451;-1.54307813412601;-1.23349697753744;1.6006668726834;0.444396248984069;48.2750112168889;2.87706099823336;0.500521814489852;23.8315722338049;-1.58915414071811;0.533808488500117;3.6566612649212;1.45720176009308;0.935173640836232;-0.424922781491853;-0.48002075610284
"Trifolium_repens";4.43034049495243;-1.73066436986824;-1.25504682451022;1.74301725728797;0.473520302319059;36.3225290329583;2.91296365865877;-0.519597710761836;28.7533806845674;-2.56275748350505;0.479293832425449;3.7953888735185;1.64176161254761;1.59216387580133;0.0638575686493012;-0.625069390254423
"Urtica_dioica";5.34417466263283;-1.72316667776244;-1.83759400557185;1.49710783139854;0.696188603277397;0.394977169;4.90777759517143;-1.80934655265511;25.9994834804334;-0.0569404408790379;0.502169747490125;3.65116947045755;2.03945526232178;1.86939358117744;0.99131566269811;1.25182839129494
"Veronica_chamaedrys";5.12305086422776;-1.37304913436987;-1.75427102481707;0.453032605634963;0.644872942007441;14.01754386;6.45497224367903;-1.55359595115746;31.2448870883333;-2.28783812162311;0.49202231083932;2.97201617203087;1.5780813837273;0.0213309468749941;1.66138136441919;-0.043373254097777
"Veronica_persica";5.4916750231705;-1.33180617583582;-1.9597048600775;0.370974886498086;0.426848919408261;31.06756791;2.33846035288178;-0.55952968053166;32.0666055420371;-2.61952193487127;0.346890953086605;3.09331260189286;1.6393596310755;0.757392527448047;1.95162623948408;-1.39381830102585
