species,biomass_allocation,SRL,AD,D_first_order,hairlength,CF,col,hairincidence,SRSA,LDMC,SLA,RTD
Veronica_teucrium,0.55806794025,295.103790375,0.20465,208.878444466667,444.3157852,0.915010767,0.221941638666667,0.528327721666667,0.18735365805,0.20635509,32.898333975,0.10894370523
Vicia_cracca,0.900558026666667,118.639708266667,0.4004,323.178222233333,669.923666666667,0.942481752666667,0.729068100333333,0.293333333333333,0.149895520866667,NA,NA,0.066117689326667
Rumex_thyrsiflorus,1.30018783357143,129.044559694286,0.221471428571429,216.735299966667,848.8414,0.921700778333333,0.039800995,0.686879842,0.089667637114286,0.1323050025,27.521993342,0.150933890814286
Salvia_pratensis,0.712397299166667,199.856200833333,0.217516666666667,171.211666666667,118.6552,0.928942712333333,0.357514251,0.013333333333333,0.136198477583333,0.1782194152,31.548676806,0.131817865116667
Sanguisorba_minor,0.573598181857143,178.344389157143,0.2125,194.360666666667,134.596283333333,0.917025942333333,0.599836053333333,0.371137938666667,0.117806019742857,0.3430516758,17.185660224,0.155983898414286
Sedum_spurium,0.139638633571429,422.090095785714,0.198742857142857,167.294777766667,539.643425933333,0.855037921,0.654540497666667,0.345832913666667,0.260885799785714,0.1041718526,23.056760886,0.07259778646
Sedum_telephium,0.321612114,232.513934928571,0.228542857142857,213.615111133333,1366.64926666667,0.913870927666667,0.488613179,0.732781913333333,0.165614957785714,0.127380876833333,23.1984060916667,0.08974530098
Silene_dioica,0.484067553428571,195.264032342857,0.245571428571429,173.813444466667,1218.83607666667,0.798347145,0.01,0.636444159,0.147980056,0.2001897082,25.04379613,0.094523835994286
Silene_vulgaris,1.191720104875,96.2609081275,0.2114125,164.414333333333,1148.46196666667,0.842582614666667,0.010416666666667,0.331141432,0.0630734836125,0.146951974666667,24.9053809383333,0.174187560625
Sinapis_alba,0.231709239875,496.4802938125,0.1669,131.45175,807.70075,0.7814207465,0.137635296333333,0.715095963,0.2597373354875,0.191133779166667,24.1666109866667,0.07895415044625
Thlaspi_arvense,0.22687372575,730.932784125,0.1677,153.192888866667,566.979966666667,0.819646896666667,0.055972014,0.835821337,0.37889923335,0.380725191,14.00577444,0.05804516259
Tragopogon_pratensis,1.275374161375,136.28878422375,0.2853125,246.294444433333,379.626833333333,0.952650120333333,0.448486063333333,0.180290187333333,0.1213461955125,0.138860042166667,28.032363595,0.1224234271175
Trifolium_arvense,0.396128961666667,322.18420665,0.21895,223.419444433333,244.833066666667,0.933987762,0.414277180333333,0.174432497,0.220298467783333,0.17651504525,35.4204963025,0.085318206536667
Trifolium_campestre,0.475877422333333,269.710607677778,0.228811111111111,257.417555533333,397.0861762,0.909859433333333,0.520243519333333,0.244341450666667,0.193357417711111,0.1920302825,37.2617328285714,0.09367625399
Trifolium_dubium,0.483715655125,335.2997334,0.222775,235.853888866667,219.604733333333,0.954405213333333,0.657936508,0.217777777666667,0.2324684565375,0.1866972085,47.6095203966667,0.07934716166625
Trifolium_pratense,0.4545537695,134.0695591625,0.3091375,271.514888866667,234.781622233333,0.924033553,0.39488604,0.565655270666667,0.1296884099,0.1778618794,32.0499455,0.09890898792625
Trifolium_repens,0.3582135065,205.2275228375,0.2613,252.789777766667,349.102133333333,0.925228467333333,0.469041740333333,0.340482069333333,0.1641229954,0.140672699833333,37.0065375483333,0.093247218815
Tripleurospermum_perforatum,0.430784587875,431.5746256875,0.2277375,210.7342222,496.8734,0.946218781,0.30516977,0.252962151666667,0.3011896218875,0.141592504,22.9562097595,0.06312156102
Plantago_major,0.551460196714286,330.766794914286,0.198557142857143,167.740333366667,495.7022,0.868711435333333,0.211891892,0.339279279333333,0.202501058471429,0.1543694648,25.698245002,0.09269543253
Poa_angustifolia,0.682521025571429,519.208361428571,0.128971428571429,153.395444433333,663.269033333333,0.874006738,0.109366516,0.827888386,0.204843123157143,0.25015729,14.6892091502,0.120975565685714
Poa_annua,0.644213893875,528.84213905,0.152775,141.899666666667,1031.82033333333,0.911841707333333,0.09,0.793333333333333,0.24598198985,0.204444035333333,32.5975114816667,0.08016859098875
Poa_pratensis,0.49733778875,531.42422535,0.1362,135.3748889,776.676333333333,0.858452399333333,0.09010101,0.623434343333333,0.2262603657375,0.162788357166667,27.9743986766667,0.10297843226625
Poa_trivialis,0.828283201428571,568.280730371429,0.134471428571429,155.06777779,1146.1755,0.920466816,0.026031746,0.766507936666667,0.236032462128571,0.2369212978,35.06081394,0.102117256878571
Prunella_grandiflora,0.50988465,301.205017816667,0.221516666666667,202.878,224.2598,0.963611749333333,0.355560651333333,0.119051440666667,0.208710900566667,0.124502131833333,37.407722315,0.0822847861
Prunella_vulgaris,0.597824454,350.0736530875,0.2030875,142.348444433333,275.552733333333,0.933304850333333,0.337988557666667,0.098756398666667,0.2229745578125,0.186560909666667,29.4479055966667,0.08839958333125
Rumex_acetosa,0.855775019285714,205.180365185714,0.209571428571429,165.985555566667,1470.5147,0.898499106666667,0.162006579,0.580200501,0.130317200414286,0.099846923,30.7401923383333,0.119659103644286
Rumex_acetosella,0.412328139375,382.4550327375,0.1977625,183.9522222,1063.67851666667,0.877754326666667,0.069056007333333,0.68366757,0.2352940594125,0.120805171666667,43.73858103,0.08478654045
Galium_verum,0.547563888857143,391.348784314286,0.149257142857143,134.382333333333,338.3304,0.921024875333333,0.264805439666667,0.297376911,0.182091384185714,0.233182132,25.410932144,0.135728293985714
Genista_tinctoria,0.566375412666667,138.2928212,0.321033333333333,295.48516665,568.0139,0.914141484,0.63725057,0.238847396666667,0.138941907066667,0.0847534555,79.69657692,0.09238724394
Geum_urbanum,0.362741565625,218.3522550125,0.2170625,192.426083325,723.245625,0.839736367,0.658172043,0.196774193666667,0.147647387925,0.2441009285,23.1170611666667,0.1226421337425
Helictotrichon_pratense,0.797420546875,225.15804655,0.193,199.05041665,1191.9423,0.95297208775,0.202745098,0.943725490333333,0.1356049377125,0.2762738358,21.9235326033333,0.1364990711
Helictotrichon_pubescens,0.761819652142857,213.718591571429,0.194085714285714,132.47525,1376.01435,0.958330309,0.138362232333333,0.955922227,0.128984686885714,0.2563334676,20.4870796474,0.134168966642857
Hieracium_pilosella,0.513977332666667,348.138551066667,0.20665,193.966499975,716.507175,0.93385428175,0.583513513666667,0.194324324333333,0.22556199785,0.144654296333333,30.5738392283333,0.086917313343333
Holcus_lanatus,0.823287402833333,431.945222733333,0.15675,175.8305,1075.9634,0.93073743475,0.156666666666667,0.8275,0.211005519883333,0.263415200166667,30.19580941,0.09148464554
Hypericum_perforatum,0.94600284775,346.8429103,0.201675,266.3761111,286.408722223333,0.908626718,0.261099004,0.192200429333333,0.218595321675,0.1535967655,48.8714772525,0.0938868008975
Hypochaeris_radicata,0.73423890375,317.340097425,0.202825,197.618833325,515.31613335,0.93287056425,0.542857142666667,0.235714285666667,0.200955817275,0.158073009166667,33.18158862,0.0940802932775
Koeleria_macrantha,0.64648337025,431.01714455,0.1389,185.6935833175,579.95485,0.8957101885,0.157744107666667,0.705824915666667,0.1876162069125,0.192243353833333,19.1824181583333,0.12882896632125
Koeleria_pyramidata,0.727087145333333,311.716112388889,0.154711111111111,256.424,633.4525,0.89261222775,0.251985519333333,0.808067390666667,0.149602088455556,0.188141138857143,23.8362494942857,0.148731702922222
Lathyrus_tuberosus,0.917752059,50.1963624366667,0.4063,340.506777766667,305.6950037,0.921521281,0.559462365666667,0.639988052333333,0.063087753733333,0.181354642,32.65762269,0.149595244166667
Leontodon_autumnalis,0.917037639142857,246.027147428571,0.2326,193.805777766667,350.162,0.942859034666667,0.448728007,0.215818011,0.1777550893,0.242806909833333,38.5056823933333,0.10138557162
Leontodon_hispidus,0.657446851375,290.67267805,0.230375,210.757000025,304.789905925,0.947445932,0.512220398666667,0.215792002666667,0.2101853003875,0.144280224833333,36.234264045,0.08515502934375
Leucanthemum_vulgare,0.521619480333333,366.830579083333,0.216283333333333,205.99941665,1019.230875,0.9362939755,0.578498168333333,0.256886447,0.23859631545,0.137143216833333,29.7564783066667,0.088116042921667
Lolium_perenne,0.79046231825,286.42419435,0.2029,211.914666666667,1176.8671,0.935854242,0.072123016,0.925958994666667,0.1782302027,0.2059647745,25.6699059683333,0.08883404348
Lotus_corniculatus,0.566000735428571,236.234964628571,0.283542857142857,296.097222233333,189.313512033333,0.947110613333333,0.249791762,0.661862527666667,0.197953562314286,0.2322915324,23.83762506,0.074456720704286
Medicago_falcata,0.4973301805,142.20642538875,0.2686875,251.362555533333,276.199333333333,0.825807571333333,0.409096816,0.324691358,0.11795506285,0.200695102666667,28.2827812414286,0.12168272077
Ononis_spinosa,0.691401753,117.40770048,0.3654625,310.135666666667,264.880857133333,0.903334065,0.155367585666667,0.374401280666667,0.1325007388375,0.2059410986,23.6671771783333,0.0825545217725
Phalaris_arundinacea,0.73238982025,249.1530447,0.20565,213.177333333333,1123.8847,0.935519983333333,0.365323422,0.895959833333333,0.1610059978,0.24727284075,35.45785321,0.1003610397025
Phleum_pratense,0.544862074571429,413.460657514286,0.155271428571429,180.667555566667,787.5248,0.905223611,0.160256410333333,0.845641025666667,0.200011351171429,0.2429604974,35.485623632,0.105311740145714
Phragmites_australis,0.4559956975,252.8460448375,0.2092875,208.4397778,721.395766666667,0.944331432666667,0.242831216,0.832480338666667,0.1603672727125,0.261492052666667,29.9913093416667,0.07775988858625
Plantago_lanceolata,0.8059149365,253.8500299625,0.224225,185.3791111,476.0371,0.945880569333333,0.279830623333333,0.378448509333333,0.175744803875,0.140755503,23.3731958483333,0.1068365020775
Festuca_pratensis,0.665689725625,328.148041975,0.169975,158.604777766667,1089.9464,0.940510618,0.162941176333333,0.879962651666667,0.17071466605,0.246462436,22.99815085,0.11351869837
Festuca_rubra,0.505474616285714,332.748777057143,0.174185714285714,241.8921111,1253.95523333333,0.914884431333333,0.071481481333333,0.931111111,0.178243770542857,0.2894698032,11.2040633536,0.111693684185714
Galium_album,0.613318119285714,418.247581657143,0.163271428571429,149.067444433333,588.819052366667,0.913728741666667,0.202716122,0.369860661333333,0.211328744357143,0.1490373152,35.809530014,0.112266051457143
Alopecurus_pratensis,0.748426905571429,324.299255357143,0.1743,144.174333333333,920.7068,0.945290615666667,0.170707368333333,0.948835185333333,0.175298820514286,0.265261672,30.073825324,0.109418844887143
Anchusa_officinalis,0.581154413428571,162.664656214286,0.296271428571429,300.1098889,606.187083333333,0.930812318,0.322517520666667,0.321371708333333,0.150498013885714,0.139964907666667,16.562561506,0.087661013398571
Anthemis_tinctoria,0.6471636045,265.154070733333,0.225183333333333,170.972888866667,649.567,0.949753237,0.381548874666667,0.393699015666667,0.18658325885,0.16911790825,21.10405668,0.092671184256667
Anthoxanthum_odoratum,0.7072741175,410.842295575,0.1619625,246.479,827.605366666667,0.940191056333333,0.108030303,0.864393939333333,0.206333089775,0.235831221,27.876732105,0.10102673397
Arctium_lappa,1.628638576875,52.697357595,0.341225,294.2246667,585.334866666667,0.932094438666667,0.417759722,0.176824991666667,0.05649491095,0.1957446975,31.9492231,0.1647990529875
Arenaria_serpyllifolia,0.342125131666667,528.802826866667,0.175133333333333,163.508888866667,1242.83836666667,0.846219877666667,0.026868687,0.635606060333333,0.285740057066667,0.19964850125,27.4791673,0.068733858595
Arrhenatherum_elatius,0.832060392142857,239.008226757143,0.187885714285714,287.99516665,1194.95675,0.9166402145,0.082336182333333,0.919344729333333,0.139601752314286,0.263253875833333,29.8484834733333,0.143610242357143
Barbarea_vulgaris,0.325806732428571,476.3897592,0.159928571428571,146.9508889,682.258033333333,0.885630621,0.095632184,0.816509377,0.236267444885714,0.2913738056,18.196978802,0.075795510588571
Bellis_perennis,0.595514276,472.2188444,0.1948,161.7778889,361.146533333333,0.955301834,0.41918463,0.129242424333333,0.282344136,0.173910583,26.97404322,0.0834664265225
Brachypodium_pinnatum,0.838007583125,263.6126354,0.16175,195.081000033333,176.788233333333,0.894599867333333,0.346293767333333,0.486366685666667,0.1322299045375,0.262145406666667,27.7948475116667,0.16348791255
Bromus_erectus,0.976222693625,199.5427839375,0.2096875,232.6068889,547.9392074,0.921900255333333,0.155042735,0.797008547,0.1291538560875,0.247607895833333,19.0707976533333,0.1303341828375
Bromus_hordeaceus,0.80011691125,276.197809875,0.181525,242.278333333333,687.4996,0.939195981333333,0.133333333333333,0.926666666666667,0.1549602424375,0.263214837833333,24.3626093316667,0.1262895766175
Campanula_rapunculoides,0.775794215,251.20222852,0.18954,184.839222233333,564.8784889,0.924437416666667,0.419532678666667,0.548270274333333,0.14970599946,0.1063841128,32.8575265725,0.12285456627
Cardamine_pratensis,0.5338228468,505.34719492,0.16972,190.262222233333,955.490333333333,0.922709166666667,0.045208333333333,0.778333333333333,0.26717596622,0.169889732333333,28.3200715166667,0.075029557316
Carex_muricata,0.714156693571429,258.755466914286,0.174328571428571,179.922555566667,616.887766666667,0.784644367666667,0.053333333333333,0.508717948666667,0.141802339314286,0.2082775624,27.557853025,0.139903737237143
Carex_vulpina,0.68671394825,298.9382296125,0.17855,248.759888866667,1003.6084,0.934267009,0.016297904666667,0.932020264666667,0.16027553985,0.223670783,34.2569211133333,0.09955260685125
Dactylis_glomerata,0.584117716,461.947120628571,0.157342857142857,155.371222233333,417.818433333333,0.896255947666667,0.081739130333333,0.884637681,0.214424373928571,0.330536674,29.4823683683333,0.106383364287143
Daucus_carota,0.471936139,329.2168907375,0.1909375,207.540444466667,452.300566666667,0.926505927,0.426175213666667,0.371581196333333,0.1967486721375,0.2139909425,28.6697129616667,0.10120825680375
Deschampsia_cespitosa,0.511663639,360.824611257143,0.162957142857143,227.703666633333,782.2562,0.921716353333333,0.526069651666667,0.585373134333333,0.181368514971429,0.188130273833333,24.649771245,0.117587348072857
Dianthus_carthusianorum,0.3697565925,352.363042975,0.1646125,202.520444433333,986.972396666667,0.857707518666667,0.058974359,0.692649572666667,0.180520567275,0.172299091333333,19.102372765,0.12186222103375
Dipsacus_fullonum,0.396929920625,181.622718925,0.252725,214.4243333,279.818041666667,0.916629315666667,0.461099119333333,0.08212903,0.1435164371375,0.227689846,22.3400056183333,0.11065634472625
Epilobium_hirsutum,0.286892276125,339.329666225,0.22025,251.798666666667,924.1192,0.929108399,0.460673743333333,0.484210526333333,0.2324940876875,0.1914073804,35.3870688883333,0.06844182671625
Erophila_verna,0.469686716,563.5633062,0.17,127.696555566667,1598.8577,0.821684041666667,0.050374873333333,0.673090172333333,0.29655450254,0.2307472818,21.329651574,0.071661724556
Festuca_arundinacea,0.589906513875,246.688795525,0.19935,167.693555566667,1255.04103333333,0.921980757333333,0.140336700333333,0.963164983,0.1479928221125,0.254720042333333,17.3385163526667,0.10476930450125
Festuca_ovina,0.437554742375,488.8863132125,0.14035,140.409222233333,588.4601889,0.867252122,0.061941392,0.755091575,0.2137810419875,0.227219480666667,22.0596428885714,0.1022640024825
Achillea_millefolium,0.643811594,228.1431241375,0.2231125,205.56333335,596.019125,0.93863102725,0.481622678666667,0.337243401666667,0.153803672,0.167421755166667,21.74762425,0.1201680264
Agrostis_capillaris,0.6338963688,508.43037766,0.14474,259.4191111,780.8851,0.913989641333333,0.440259848,0.456578947333333,0.2250418643,0.214243798,30.388170315,0.109379609646
Allium_schoenoprasum,0.775394976333333,178.279929644444,0.2983,292.910583325,0,0.96277197125,0.638742197,0.007490636666667,0.165081532411111,0.1091985,33.9547571414286,0.088202558402222
Alopecurus_geniculatus,0.807893695833333,373.4552011,0.17655,200.03958335,1147.303464,0.953792962,0.546349396,0.543272268666667,0.206813447916667,0.18689079675,25.6496469275,0.090552896005
