species_matched,species_bexis,SRL,RTD,AD,RN,RHL,AMF,RHI,,,,
achillea_millefolium,Achillea_millefolium_aggr.,55.886250000000004,0.22070833333333334,0.30741666666666667,1.0272343199249703,0.184698683,39.977174263916666,9.701176737666668,,,,
agrimonia_eupatoria,Agrimonia_eupatoria,27.13,0.145,0.5323,NA,0.03175,68.51851852,0,,,,
agrostis_stolonifera,Agrostis_stolonifera,212.09083333333334,0.15475,0.1673,0.8218075996478835,0.699394445,16.625,43.736111111666666,,,,
allium_oleraceum,Allium_sp,128.10333333333332,0.073333333,0.3649,1.0876714377269816,0.2736084656666667,68.62996158666667,14.546877223333334,,,,
alopecurus_pratensis,Alopecurus_pratensis,141.27016666666668,0.15733333333333333,0.2621966666666667,0.9432698234086293,0.6441973359666667,17.080302883166667,67.03750650633333,,,,
anthriscus_sylvestris,Anthriscus_sylvestris,213.18083333333334,0.2115,0.17063333333333336,1.7283219308307785,0.26320162033333333,34.63547064916667,5.901147937416667,,,,
arrhenatherum_elatius,Arrhenatherum_elatius,58.124,0.22933333333333333,0.28232,0.6980265510787746,0.5170198809333333,32.681797318866664,32.93853629,,,,
bellis_perennis,Bellis_perennis,62.08833333333334,0.17416666666666666,0.32395,0.7492254538401637,0.12784166666666666,71.14777245833334,4.641840546916667,,,,
bistorta_officinalis,Bistorta_officinalis,252.06,0.391,0.12646666666666667,1.1935724815724815,0.394472222,4,39.15789473666666,,,,
brachypodium_pinnatum,Brachypodium_pinnatum,110.74,0.2962222222222222,0.22563333333333332,0.6776600202298694,0.17564295722222223,43.23538186555555,24.70501282522222,,,,
bromus_erectus,Bromus_erectus,27.67,0.29044444444444445,0.32487777777777777,0.5337523339730953,0.35452595388888886,37.25524489033333,57.34484416666667,,,,
bromus_hordeaceus,Bromus_hordeaceus_aggr.incl_B_commutatus,190.5075,0.16358333333333333,0.19814166666666666,0.7452036268299673,0.7974930555833334,28.46894986,64.6873976,,,,
capsella_bursa-pastoris,Capsella_bursa-pastoris,445.67333333333335,0.19233333333333333,0.12866666666666665,1.362311459353575,0.3785833333333333,1.6666666666666667,44,,,,
carex_flacca,Carex_flacca,55.3,0.22933333333333333,0.3068,0.4074582924435721,0.338,3.225806452,48.83512545,,,,
carex_hirta,Carex_hirta,100.244,0.20466666666666666,0.22218,1.0760640771440924,0.501698889,1.6156378600666668,62.69406436,,,,
carum_carvi,Carum_carvi,439.2316666666667,0.13066666666666665,0.18471666666666667,1.8083267716535432,0.074201389,39.95329690166666,6.525021242083334,,,,
centaurea_jacea,Centaurea_jacea,12.6675,0.17291666666666666,0.6955916666666666,1.1522895154192039,0.17360694441666666,44.63061745,4.776415088,,,,
cerastium_glomeratum,Cerastium_glomeratum,276.92,0.19066666666666668,0.16203333333333333,1.0277996154667808,0.759558334,0.6666666666666666,20.90804598,,,,
cerastium_holosteoides,Cerastium_holosteoides,261.88666666666666,0.2091111111111111,0.16082222222222223,1.0091872370006068,1.0529537036666667,3.306306306333333,33.561031251222225,,,,
cichorium_intybus,Cichorium_intybus,76.645,0.135,0.32215,1.3088263821532495,0.1559375,55.94117647,23.70588235,,,,
cirsium_acaulon,Cirsium_acaule,86.85333333333332,0.23733333333333334,0.4920333333333334,0,NA,36.64519141,7.311443097833332,,,,
cirsium_arvense,Cirsium_arvense,83.35333333333332,0.092833333,0.39632500000000004,1.2467905125092735,0.102857143,30.854028823333334,12.386736257333332,,,,
cirsium_oleraceum,Cirsium_oleraceum,45.45666666666667,0.12266666666666667,0.4152,2.0573572803078903,0.085028572,55.980473159999995,9.912831527333333,,,,
crepis_biennis,Crepis_biennis,95.50333333333333,0.1535,0.30056666666666665,1.454790340712191,0.166621717,65.29149884833333,18.588727465833333,,,,
dactylis_glomerata,Dactylis_glomerata,75.72861111,0.22683333333333333,0.26092777777777776,0.7617150079572075,0.5209412697424243,12.218623305013889,30.875838793416666,,,,
daucus_carota,Daucus_carota,172.03666666666666,0.156,0.20683333333333334,1.3970091860713525,0.032402116333333335,29.152777776666667,4.0694444443333335,,,,
deschampsia_cespitosa,Deschampsia_cespitosa,113.21,0.23666666666666666,0.20049999999999998,1.1967171470444553,0.773041667,0,32.77777777666667,,,,
dipsacus_fullonum,Dipsacus_fullonum,68.08,0.11366666666666667,0.3764,1.716325571,0.11333461533333333,86.95064992333333,4.280458250666666,,,,
elymus_repens,Elymus_repens,85.49805555555555,0.15875,0.29583333333333334,1.0777665989540288,0.4766538369861111,17.990185265416667,50.237928885694444,,,,
euphorbia_cyparissias,Euphorbia_cyparissias,63.39416666666666,0.27325,0.27950833333333336,0.4441631245209393,0.11369318175000001,81.46269525,11.1296171,,,,
festuca_arundinacea,Festuca_arundinacea,22.97,0.189,0.44020000000000004,0.9096397273612464,0.371340909,34.38079777,52.55102041,,,,
festuca_ovina,Festuca_ovina_aggr.,97.03750000000001,0.3885,0.18995,0.5400307320529987,0.39792739908333336,31.075825825833334,47.46815496833333,,,,
festuca_pratensis,Festuca_pratensis,63.843333333333334,0.19328571428571428,0.3037666666666667,0.805125334,0.6672151514761905,18.370232930190475,54.17198852285714,,,,
festuca_rubra,Festuca_rubra_aggr.,151.24,0.2682222222222222,0.1821888888888889,0.7295069779518359,0.6112321936666667,11.469387755555555,60.328645315555555,,,,
galium_mollugo,Galium_mollugo_aggr.,461.48,0.2,0.17909999999999998,1.6447893713545043,0.2689526514166667,28.885167465000002,22.36204147,,,,
galium_verum,Galium_verum,176.45666666666668,0.26966666666666667,0.2964333333333333,NA,0.11219090899999999,12.493235930666668,4.071969697,,,,
geranium_pyrenaicum,Geranium_pyrenaicum,96.81,0.18133333333333332,0.2545,1.916150049358342,0.25417171699999996,41.52007252,39.886557886666665,,,,
glechoma_hederacea,Glechoma_hederacea,135.96666666666667,0.14655555555555555,0.23237777777777777,2.018383476146215,0.33394255055555555,58.86008098,8.025012762888888,,,,
helianthemum_nummularium,Helianthemum_nummularium,40.42666666666667,0.5163333333333333,0.2820666666666667,0.6742913385826772,0.289675,3.167420815,8.653846155,,,,
helictotrichon_pubescens,Helictotrichon_pubescens,50.666666666666664,0.23177777777777778,0.29375555555555555,0.5231220305964273,0.9078333333333334,32.32451883333333,91.94123963333332,,,,
heracleum_sphondylium,Heracleum_sphondylium,120.96466666666667,0.19586666666666666,0.23242,1.5260197674161549,0.13558636373333333,55.25781276,6.855377878266667,,,,
hieracium_pilosella,Hieracium_pilosella,54.165,0.27316666666666667,0.31203333333333333,0.5512787295169186,0.3007640151666667,64.25700826583333,16.81550156,,,,
holcus_lanatus,Holcus_lanatus,119.55083333333333,0.26316666666666666,0.22494999999999998,0.885346983,0.6188763888333333,12.921717171916667,47.881313131666666,,,,
juncus_effusus,Juncus_effusus,27.913333333333334,0.16633333333333333,0.41996666666666665,0.7218217433888344,0.6283055556666667,8.552511416666666,53.147149803333335,,,,
lamium_album,Lamium_album,127.69333333333334,0.13866666666666666,0.2527,1.483337653920933,0.617638889,0,41.5,,,,
lamium_purpureum,Lamium_purpureum,263.67,0.16066666666666668,0.16273333333333334,1.3711350293542075,0.273083334,0.3333333333333333,25.773049645333334,,,,
lathyrus_pratensis,Lathyrus_pratensis,72.24666666666667,0.13166666666666665,0.35886666666666667,NA,NA,32.41666667,18.52777778,,,,
leontodon_autumnalis,Leontodon_autumnalis,37.21333333333333,0.18533333333333335,0.39873333333333333,1.3521449559255632,0.11517424233333333,57.78219864333334,7.552313586333333,,,,
leucanthemum_vulgare,Leucanthemum_vulgare_aggr.,74.57,0.1865,0.29223333333333334,0.9326549106580965,0.17425277783333334,59.78577223833334,4.9247494634999995,,,,
lolium_perenne,Lolium_perenne,92.47230769,0.17223076923076924,0.2530230769230769,0.8754802831912792,0.659077256,20.91527154448718,68.68099060384615,,,,
lotus_corniculatus,Lotus_corniculatus,26.32,0.20400000000000001,0.4555,2.2048690591658584,0.177424243,43.20925553,49.22032194,,,,
origanum_vulgare,Origanum_vulgare,185.07666666666665,0.33666666666666667,0.14673333333333333,1.081887906,0.2564444443333333,56.10187327333333,38.907926866666664,,,,
phalaris_arundinacea,Phalaris_arundinacea,84.93166666666667,0.16066666666666668,0.2752833333333333,0.9537578988507549,0.436326389,23.503072196166666,52.99930987,,,,
phleum_pratense,Phleum_pratense_aggr.,56.54066666666667,0.16753333333333334,0.31883333333333336,0.8151424794650379,0.6591638888666667,14.53757014,40.98198392,,,,
pimpinella_major,Pimpinella_major,85.30333333333333,0.13966666666666666,0.3113666666666667,2.0555992309335616,0.050002777666666665,66.39564660666666,1.5149381133333333,,,,
plantago_lanceolata,Plantago_lanceolata,70.67583333333333,0.17925,0.2955333333333333,1.3196403288014644,0.21073080808333333,60.77246715333334,25.4749141,,,,
plantago_media,Plantago_media,65.83666666666666,0.22922222222222224,0.2822222222222222,1.3246240836281293,0.21604104927777779,79.38420777666667,31.949295313333334,,,,
poa_pratensis,Poa_pratensis_aggr.,177.08771929824562,0.21363157894736842,0.1677232456140351,0.9027661297759599,0.5180680384342106,10.387121984824562,38.66725919764912,,,,
poa_trivialis,Poa_trivialis,280.8382638888889,0.1804097222222222,0.1513673611111111,0.9555293874237376,0.5743331184444445,6.130064203222222,38.56477169555556,,,,
potentilla_anserina,Potentilla_anserina,128.88,0.20700000000000002,0.25141111111111114,1.2797260273972604,0.073214286,25.718372032222224,2.925941,,,,
potentilla_reptans,Potentilla_reptans,75.58,0.22866666666666666,0.2732,1.3088263821532495,0.435313492,84.70066518666667,22.88741069,,,,
potentilla_verna,Potentilla_verna_aggr.,47.78,0.4086666666666667,0.22493333333333332,0.5613569321533924,0.18037777766666666,41.03658537,5.772357723500001,,,,
prunella_sp,Prunella_sp,80.58666666666667,0.20933333333333332,0.27871666666666667,0.7094768857977519,0.067173611,80.18495255666667,0.5852340936666667,,,,
ranunculus_acris,Ranunculus_acris,78.15166666666667,0.19,0.3602666666666666,0.6077575339848966,0.423125,36.69563244,18.883266158333335,,,,
ranunculus_bulbosus,Ranunculus_bulbosus,71.08111111111111,0.13022222222222224,0.3372222222222222,0.7585328849912665,0.2038347222777778,69.76383681277778,5.161488295777778,,,,
ranunculus_repens,Ranunculus_repens,53.37047619047619,0.1798095238095238,0.4149333333333333,1.0283416890710113,0.24501074745238094,37.58392743819048,10.081094774142857,,,,
rhinanthus,Rhinanthus_aggr.,179.675,0.1115,0.23204999999999998,NA,0.211666667,36.481132075000005,30.66037736,,,,
rumex_crispus,Rumex_crispus,94.70500000000001,0.17833333333333334,0.24043333333333333,1.5222293216290226,0.5450833331666667,9.023421574666665,23.066930553333336,,,,
rumex_obtusifolius,Rumex_obtusifolius,82.82833333333333,0.22249999999999998,0.2112,1.474935721645399,0.36996111116666663,7.2870789333333335,16.893665158166666,,,,
sanguisorba_minor,Sanguisorba_minor,80.67333333333333,0.3521111111111111,0.23174444444444445,0.5988445432845824,0.078051389,41.84389268333333,11.86894088,,,,
stellaria_media,Stellaria_media,281.23111111111115,0.1771111111111111,0.16617777777777779,1.2737926723369832,0.8621481482222223,1.7037037036666667,46.01979565777778,,,,
symphytum_officinale,Symphytum_officinale,52.54333333333333,0.12433333333333334,0.3918,2.7364849262347666,0.791666667,8.909581646333333,6.567701305,,,,
taraxacum_officinale,Taraxacum_sp,89.37119565217391,0.1461050724637681,0.3152333333333333,1.6303813247131684,0.1388754632462121,61.481190068586955,10.574558661105073,,,,
teucrium_montanum,Teucrium_montanum,44.52333333333333,0.4236666666666667,0.23876666666666665,1.0813562653562654,0.1535,82.09106985,15.321460146666668,,,,
tragopogon_pratensis,Tragopogon_pratensis,73.25333333333333,0.14633333333333334,0.35063333333333335,1.8047687912471075,0.129655754,79.8633184,27.775527314999998,,,,
trifolium_dubium,NA,95.23333333333333,0.16466666666666666,0.28536666666666666,2.61730659,0.24458333333333335,37.96296296333333,2.185185185,,,,
trifolium_pratense,Trifolium_pratense,66.45944444444444,0.21372222222222223,0.2912722222222222,2.5949568886149836,0.1974880261111111,48.27501121688889,8.277479987555555,,,,
trifolium_repens,Trifolium_repens,83.96000000000001,0.17716666666666667,0.2850625,2.752594318909456,0.22422147670833334,36.322529032958336,8.485357276666667,,,,
urtica_dioica,Urtica_dioica,209.385,0.1785,0.1592,2.480850439882698,0.48467857133333336,0.394977169,24.086280923666667,,,,
veronica_chamaedrys,Veronica_chamaedrys,167.84666666666666,0.2533333333333333,0.17303333333333334,1.362248865845755,0.4158611113333333,14.01754386,41.666666666666664,,,,
veronica_hederifolia,Veronica_hederifolia,237.51000000000002,0.16966666666666666,0.15723333333333334,1.493013698630137,0.545861111,1.3333333333333333,35.892655366666666,,,,
veronica_persica,Veronica_persica,242.66333333333333,0.264,0.1409,1.2772655415509508,0.18219999999999997,31.06756791,5.468396822,,,,
