"scientificName";"SLA_all";"LDMC";"LeafN";"LeafP";"Myco_intensity";"Height";"Seed_mass";"PC1";"PC2";"PC3"
"1";"Acer_sp";4.15316879248806;0.558215942705185;5.22945138030203;1.46246030630027;56.0166666666667;1.56930613671557;2.38925065410817;0.0639404171896708;2.54030107927175;-0.163522631699708
"2";"Achillea_millefolium_aggr.";3.80080136043465;0.463394196938194;4.95994784294961;1.52521942124034;66.3148148148148;-1.04922266890738;-1.71493360252214;-0.249580481009011;-0.450566496051404;0.456025374981544
"3";"Aegopodium_podagraria";5.32811559294327;0.479583152331272;5.86285221836932;1.45875445601528;65.8157894736842;-0.41282202562682;0.719693704784351;0.870079743560973;0.44918923192313;0.563535116799596
"4";"Agrimonia_eupatoria";4.10389381496403;0.58860966126401;4.08350339781908;1.35462171841441;70;-0.507849312877596;1.63305290149664;-0.975674877954163;0.843142877285568;0.865004596249714
"5";"Agrostis_capillaris";6.05150720313986;0.526992907051724;4.85010579879695;1.46834769872346;49.1666666666667;-1.21913909295931;-2.35564396788132;-0.00703157488068609;-1.3230282236906;-0.355242449723369
"6";"Agrostis_stolonifera";4.99847946960697;0.54255299698647;5.7710806802509;1.23956345476173;66.6666666666667;-0.817988589455017;-2.58971959017454;-0.159154482911173;-0.66169232677848;0.191443562741728
"7";"Alchemilla_vulgaris_aggr.";4.32606939795207;0.490597377354045;4.69640668786018;1.54434452114805;62.8888888888889;-0.704977978363779;-0.706700623359965;-0.200078947141373;-0.0986685976144895;0.357278393746865
"8";"Alliaria_petiolata";6.64713195183958;0.403961817318996;6.32586658226499;1.09130805314459;0;-0.694045583468533;0.826938942684267;1.31216361615715;0.0350781901974127;-2.23376863299311
"9";"Alopecurus_pratensis";4.8477291414217;0.57038260663004;4.63529694604348;1.31529464379659;52.2962962962963;-0.525814564168131;0.0210711920858756;-0.59805886573537;0.236765669951713;-0.124558479702811
"10";"Anemone_nemorosa";4.97972977103176;0.452769256906871;4.9927447361146;1.28452325786651;85;-1.95652859512481;0.896286911064751;0.161913143963149;-0.663392013084262;1.82214247243722
"11";"Anthoxanthum_odoratum";5.11680936142581;0.531066633327625;4.4739854558589;1.21622173345404;58.9375;-1.61273654580093;-0.593082418149729;-0.656971737204501;-0.849240383853079;0.368003613979697
"12";"Anthriscus_sylvestris";6.45293708614974;0.454179210354155;5.4515121394136;1.92353840616713;62.8333333333333;-0.362497692874473;1.16705298176643;1.71275981190656;0.18901582512426;0.588665026231433
"13";"Anthyllis_vulneraria";3.96246275860522;0.41215360781118;5.32504272283331;1.1916375287813;30;-1.76732918571004;0.935045172747093;-0.00504205287803912;0.0283285711027334;-0.626190144228187
"14";"Arenaria_serpyllifolia";4.56862950280806;0.535272827630919;3.16227766016838;2.04939015319192;10;-2.14929424778032;-2.39625961785452;-0.851905687409208;-1.45347768106562;-1.70953934541518
"15";"Arrhenatherum_elatius";6.18726459241185;0.522177761621991;5.37092308545363;1.69923808367517;45;-0.103364542286034;0.880584254446189;0.991168207212465;0.506377849955633;-0.362246026904232
"16";"Asperula_cynanchica";4.35652766925679;0.56693719032868;3.87298334620742;1.22474487139159;30;-1.3907235198441;0.176372333509603;-1.32547480499083;-0.155676433903368;-0.849742101696721
"17";"Bellis_perennis";5.79472060903525;0.396148446709473;4.82246767171354;1.80787679530437;56;-3.16510076501085;-1.79519032655363;0.821670576863223;-2.39602266588743;0.622108387699962
"18";"Betonica_officinalis";4.87111867010832;0.489588528156231;4.97891014406433;1.7000348546672;55;-1.16667888381556;0.94280847188283;0.461306095308352;0.158708276600535;0.365389752588694
"19";"Betula_pendula";3.92700493962182;0.580116054661657;5.14799017871006;1.39720486422589;85;1.54609740656482;-1.3661133666166;-0.561529211074931;1.25789570875638;0.583165511361052
"20";"Bistorta_officinalis";4.69899687092833;0.408105301362688;5.51102370974108;1.54344492037203;16.6666666666667;-1.04069845162084;1.27544959700444;0.819219060888577;0.477829750778531;-1.28719561393018
"21";"Brachypodium_pinnatum";5.02939481455948;0.627436253098339;4.22371430141765;1.18546755895441;55;-0.678982732371607;0.898727684990107;-1.06517766331163;0.361504153514543;0.112082882187309
"22";"Brassica_rapa";4.5654700982846;0.331384665739276;6.22615838016198;2.42899156029822;10;-0.087087511304103;0.76355104262367;2.52263596652406;1.14000294183668;-1.73388215316414
"23";"Brassica_sp";4.5654700982846;0.331384665739276;6.22615838016198;2.42899156029822;10;-0.087087511304103;0.76355104262367;2.52263596652406;1.14000294183668;-1.73388215316414
"24";"Briza_media";4.25753522234252;0.564790219994166;4.3909954054626;1.08773653314655;56.6666666666667;-1.28363668893577;-0.895362275977987;-1.29258282486609;-0.43427261668198;0.104280283267626
"25";"Bromus_erectus";4.30839204649094;0.593409079663852;4.15222468132045;1.13818569076696;70;-0.728964855376107;1.04513245448714;-1.2209431643352;0.437282331173774;0.806243322666298
"26";"Bromus_inermis";4.35877928058309;0.596993212598956;4.31520635521057;1.10699203186423;66.6111111111111;-0.588759227697376;0.992456430602363;-1.1718912474317;0.542481645916019;0.604931707577112
"27";"Bromus_sterilis";6.11568720532152;0.498372350757945;4.78748368143433;1.31909059582729;42;-0.649602658000356;1.48405167813199;0.319850169858654;0.120135085138872;-0.298999405205748
"28";"Campanula_rapunculoides";7.10176034515387;0.452727051664973;5.66127194188726;1.21655250605964;52.5;-0.837475394111591;-2.04391466007348;0.828443487104802;-1.41653446623809;-0.275890105801631
"29";"Campanula_rotundifolia";4.94839044148079;0.49927635221337;4.57972373482651;1.22474487139159;49.8571428571428;-1.69163563047244;-2.44385480573507;-0.721070484896699;-1.4446691848854;-0.240005898711648
"30";"Campanula_sp";5.81575840598204;0.488987762404682;4.75634827026294;1.23205766979266;53.1810462536269;-1.20594036957207;-2.092476028562;-0.232343986238525;-1.35448523224605;-0.159718548261492
"31";"Cardamine_hirsuta";5.5829872167595;0.381786917009999;4.22689799616693;1.78416864785816;10;-2.01677156202747;-1.9586406427984;0.413118444053017;-1.74844932303363;-1.66228181131984
"32";"Carex_acutiformis";3.72827037646145;0.573596838670972;3.66742416417845;0.836660026534076;10;-0.23606797749979;0.0203527952117414;-2.13645847913959;0.587294015865108;-2.08563531707665
"33";"Carex_caryophyllea";4.06588071581518;0.5767921093103;4.84852272553197;1.01023415676763;6.66666666666667;-1.93284883266959;0.0753417888819589;-1.24850128661675;-0.0236780252994533;-1.82068660971243
"34";"Carex_flacca";4.01680997863115;0.572032097072456;4.03233949331163;1.09644115122714;7.5;-0.344760952448869;-0.141364629794122;-1.54768016290894;0.555984636776662;-2.16087332736887
"35";"Carex_hirta";4.27873191421828;0.543394884039222;4.81033432450323;0.684068033198048;5;-0.899362814231157;0.857317470520532;-1.33958493218171;0.544392133569022;-2.06914069715533
"36";"Carlina_vulgaris";3.98919889121446;0.525366704404895;4.36333028943956;1.15738359731004;66.5;-1.17204009774798;0.0872442961377821;-1.03113048879089;-0.0997245691573531;0.667642439834306
"37";"Carpinus_betulus";4.20264924743544;0.505733790315287;4.77580708711452;1.45859521458148;85;1.51569364538133;2.20007300411544;0.06064503608436;2.02863468172897;1.13387532802709
"38";"Carum_carvi";4.89255386625091;0.444603756169468;5.27663876606121;1.37322612850178;42.8571428571429;-1.0586975856335;0.780650556538848;0.389270691833591;0.0986843989467411;-0.243824684955659
"39";"Centaurea_jacea";4.55486448902045;0.457934045984921;4.90524745090669;1.19749899551378;61;-0.742086070011882;0.363683707194942;-0.191863899213078;0.0463013182734644;0.389602537044977
"40";"Centaurea_scabiosa";3.91750765648049;0.449221827163374;4.82873344332307;1.2671490309615;56.8;-0.370019282407196;1.46068496500147;-0.200120864413554;0.818003288807626;0.2731020891592
"41";"Cerastium_arvense";4.90328415916932;0.489617882572293;5.63491102177606;0.801132446394893;19.8333333333333;-2.55536492651066;-1.22608043485101;-0.582318871956325;-1.19061849310086;-1.26719259973814
"42";"Cerastium_glomeratum";5.29702411746969;0.430361198119605;4.39605884097714;0.907524104363074;30;-1.90823028444494;-1.09259382707646;-0.714516182313777;-1.45828698839436;-0.867865219548249
"43";"Chaerophyllum_aureum";4.50567673968073;0.492490270631479;5.85641860593286;2.58719915308202;70;-0.338848038509519;1.44092189404096;1.99129094527018;1.3107604798712;0.973736604104747
"44";"Chenopodium_album";4.90280014468666;0.479560249035177;6.06416351001501;1.70491482521252;5;-0.000500187578159395;-0.0989074662215006;0.9790405255869;0.962274595585247;-2.27136777056373
"45";"Chenopodium_sp";4.90280014468666;0.479560249035177;6.06416351001501;1.70491482521252;5;-0.000500187578159395;-0.0989074662215006;0.9790405255869;0.962274595585247;-2.27136777056373
"46";"Cirsium_acaule";3.55185202082426;0.407353468068442;4.54367692513453;1.19895788082818;70;-2.44389584918907;1.12184421174919;-0.486392877701674;-0.560138913546354;1.33632074052532
"47";"Cirsium_arvense";4.57804478195646;0.38209758390225;4.97105572719701;0.956611742297242;56.5;-0.208238605491456;0.534982196815004;-0.0998269446000774;0.165224574042785;0.0915335298220096
"48";"Cirsium_vulgare";4.06439708978005;0.388462169513142;5.70087712549569;1.80277563773199;70;0.144379200662873;0.867433071957596;1.19904544173507;1.02009092128816;0.725754302879597
"49";"Clinopodium_vulgare";5.07113630559394;0.516351377513864;4.02192739864856;1.28062484748657;65;-1.00859050803843;-0.868480536586117;-0.77816002774599;-0.775275708951351;0.480175899362384
"50";"Colchicum_autumnale";4.68081189538738;0.372177153158726;4.32049379893858;1.33166562369588;70;-1.5387608102281;1.40087321515225;0.122617911197298;-0.485833570092971;1.20833863420689
"51";"Convolvulus_arvensis";4.90787930352657;0.423448563811812;6.09666576453428;1.54865533070898;58.3333333333333;-1.0365431810715;1.68062961931668;1.25971526776159;0.549733346795252;0.553193806942984
"52";"Conyza_canadensis";5.47838413726832;0.483396217232308;5.06760545030885;1.97484176581315;60;-0.359694209121041;-2.55505211427167;0.744912969926767;-0.697217643972475;-0.0356363662832817
"53";"Crataegus_monogyna";3.2797694731349;0.629928056826282;3.81116991825783;0.945273329078243;81;0.979895228265642;2.40358224430054;-1.89618853651464;2.05305920110937;0.997811236026073
"54";"Crataegus_sp";3.85661041569586;0.610176964813052;4.52147786784089;1.20281787205434;75.5;1.1898446047607;2.50951967213061;-0.917550726987896;2.24796428060423;0.749341613508975
"55";"Dactylis_glomerata";4.82660612792893;0.511811047024556;5.04963501841305;1.62629621600081;40.8888888888889;-0.536300542646186;-0.109555807222496;0.203237561723889;0.297561729767238;-0.571706072112226
"56";"Daucus_carota";4.16421842615249;0.506280598185247;4.71211970101297;1.48195186016142;70;-0.542510871974891;0.164125710467921;-0.275587968541141;0.323818129443575;0.722540390794501
"57";"Deschampsia_cespitosa";3.71875858776832;0.594964839397101;4.21560923298041;1.14562576364907;39.875;-0.444492502331687;-1.09016204758808;-1.62749722190761;0.264243337104283;-0.867949076522511
"58";"Dipsacus_fullonum";4.22492603485552;0.415932686861708;3.71483512420134;1.81314643644687;30;0.261986266335017;0.85555709305144;-1.90160834653008e-05;0.723689464172346;-0.988549012992837
"59";"Elymus_repens";4.62181045915631;0.564697844335353;4.97432294888079;1.61501063863161;79.0625;-0.482055527575164;0.984873333402198;0.0415094826385855;0.684372826144622;1.19168341775181
"60";"Epilobium_sp";6.13646146430478;0.424245287353873;4.32015142481526;1.87875490684655;60.075;-0.50592550460695;-2.30500428627096;0.688801950917764;-1.31120192715532;0.0904987485319296
"61";"Erodium_cicutarium";6.49251488862579;0.464997014748701;5.02424676499429;1.79814719456816;0;-1.41056384435702;0.562003747888233;1.09401685752554;-0.416079521686183;-1.97891381635717
"62";"Euphorbia_cyparissias";4.51890473455682;0.563718672782833;5.00835967824464;1.43605362016883;70;-1.7329959963445;0.764531525391507;-0.271716761366516;-0.0256522161070075;1.04864222287056
"63";"Festuca_arundinacea";4.25155441644974;0.506246140059359;4.60574727785839;1.43255558862475;65;-0.290894370489447;0.307016018929617;-0.348278775062908;0.457411999311316;0.459100436686068
"64";"Festuca_ovina_aggr.";3.92388547278369;0.603224213625198;3.67665343189595;1.24010631275409;64.108630952381;-1.0502390015887;0.24339623872955;-1.62821102120201;0.0779050778398698;0.545010228584331
"65";"Festuca_pratensis";4.86768200201554;0.53326970781401;4.62228052727665;1.54689259972479;68.3928571428572;-0.687380302823696;0.712102707065309;-0.0807770840692756;0.25173316642443;0.764650379861913
"66";"Festuca_rubra_aggr.";4.30822915726672;0.562326719358121;3.71455866211438;1.37328248244129;62.2202380952381;-1.0588441691492;0.253897924507839;-1.15964753936502;-0.106287660264214;0.51177486681879
"67";"Filipendula_ulmaria";4.93603184813688;0.557032902357775;5.3274432650012;1.2144621302152;22.4705882352941;-0.00247123940047622;-0.170943055641793;-0.300361293431549;0.705962961041818;-1.60956438727579
"68";"Fragaria_vesca";5.74197334872247;0.568280822296775;4.1924912833408;0.858543285903799;57.3055555555556;-2.27020995684434;-1.01039435947304;-1.26301496297154;-1.62476763118854;0.3454831812467
"69";"Fraxinus_excelsior";3.82007933157084;0.549179368147555;4.89802669445401;1.40422972163073;85;1.59474835716429;2.25516020679709;-0.227839383046193;2.35340407488737;1.0804713349605
"70";"Galium_aparine";6.15233584386434;0.447816634167538;4.6649001565548;1.33846927495554;37.5;-0.503231701984125;1.2294632728005;0.464638949037435;-0.0352031108205552;-0.527918415063868
"71";"Galium_mollugo_aggr.";5.1488928096544;0.494083956599043;4.79779094460886;1.61234207377653;33.5;-0.648593074946171;-0.130552407284873;0.205347580671478;0.0335866110090734;-0.848281718993386
"72";"Galium_verum";4.26724762484729;0.532868584556514;4.20276238033886;1.22320473959892;52.5555555555556;-1.2055304981982;-0.602149796008971;-1.07418992908778;-0.380894852212205;-0.00969611380494206
"73";"Geranium_sylvaticum";4.60423841251036;0.480131358345329;5.12886003536975;1.24098096316116;41.9047619047619;-1.54202301720296;1.38401107360456;-0.0474197302427542;0.152564328040519;-0.123043145280999
"74";"Glechoma_hederacea";6.43997821118929;0.394252714759201;6.57820811704607;1.56612334343713;61.1;-1.44975744745641;-0.244257078152225;1.94979137518199;-0.77414681317979;0.535607801483805
"75";"Helianthemum_nummularium";3.9200819675741;0.497662241925126;4.76977707052113;1.42208115619848;55;-2.26947716472737;0.0709888977466333;-0.462511181213613;-0.507830131323229;0.475054041324648
"76";"Helictotrichon_pratense";4.0767634221279;0.555023128073709;3.97282435218741;1.16761865920913;70;-0.867696673382022;0.751595678770635;-1.23975762023426;0.203185452906072;0.832490622717972
"77";"Helictotrichon_pubescens";4.51217168453443;0.544991981846661;4.2795195407896;1.73095991352262;55;-0.926356791953054;0.592227108931697;-0.252744795967078;0.24933659225446;0.253513668571836
"78";"Heracleum_sphondylium";4.49207565938064;0.453400117629744;5.93422509684289;1.92527054375915;30;-0.290412111202179;1.49152079949837;1.33553533531543;1.29844910830617;-0.850659473168471
"79";"Hieracium_pilosella";4.13143063113372;0.45817087404143;3.8983072989744;1.54722164676415;73.25;-2.44233354199156;-1.56408202463579;-0.710111057234222;-1.6121741201032;1.16967819751752
"80";"Hippocrepis_comosa";3.97156560229506;0.484103524281968;6.04979338490167;1.24545841627357;70;-2.05885737896634;1.06828873335653;0.235066562518806;0.126184056506756;1.1455868806601
"81";"Holcus_lanatus";4.47297571091677;0.495506569535172;4.75453273305195;1.248750324651;38;-0.64116292070752;-0.832247865833643;-0.545259203448999;-0.0841779390832578;-0.806131130104987
"82";"Hypericum_maculatum";5.22972274599715;0.52728028132737;5.50111099890033;1.4247806848775;30;-0.880009216044237;-1.70324795090675;0.0832019979022312;-0.378609537393606;-1.22446864251676
"83";"Hypochaeris_radicata";5.07135127456443;0.342037121293301;4.4087565054325;1.51083896386398;70;-1.93946762837845;-0.138700129091579;0.461350091669541;-1.34526818791511;1.14643600387995
"84";"Juncus_articulatus";4.0159282849797;0.46108133772687;4.64962954517925;1.22243222035072;15;-0.843825470686169;-2.96353150729014;-0.905242737134417;-0.748685557862808;-2.0258297305448
"85";"Juncus_effusus";3.85837218568782;0.516225431225831;3.66436338906082;1.2813088035092;15;0.19836716088126;-2.99072051943761;-1.61149984850111;-0.262181875676859;-2.27619722110088
"86";"Juniperus_communis";2.0687620136015;0.698239128445139;3.37454857024099;0.966192997655324;60.125;1.30107242421959;2.10985029393573;-2.82824474533415;2.70315958292041;-0.0619729392353657
"87";"Knautia_arvensis";4.82111079826468;0.445160224761478;5.01741411934474;1.67161253853876;64.25;-0.355251379458564;1.14575947396421;0.679432924277769;0.526201220928366;0.614966093855535
"88";"Koeleria_macrantha";3.63617281952398;0.627099599639084;3.99459635007093;1.09245346765892;61.6;-2.51503855600715;-0.70572643455742;-1.98052791835203;-0.800525540433398;0.621321713019664
"89";"Lathyrus_pratensis";5.04068902483331;0.529273069118095;6.31195753602096;1.53680765802939;58.8235294117647;-0.775331473668036;1.75188680929855;0.998078845261914;0.998046443415984;0.449452245558813
"90";"Leontodon_autumnalis";5.14772328407859;0.429452162425233;4.41420898763023;1.66853228916914;84;-1.49456217828656;-0.236257729293371;0.355513352656097;-0.960984077304712;1.6059232565359
"91";"Leontodon_hispidus";4.76278092184081;0.39713510346841;4.82252047208757;1.44068990263418;51;-1.51839597706834;0.769749762537658;0.363079919322871;-0.382537786945576;0.275677568347837
"92";"Leucanthemum_vulgare_aggr.";4.45336632503944;0.40608350912921;4.95075156721664;1.27205890468956;65.1666666666667;-0.723690491641408;-0.573229053612989;0.0109963093102932;-0.336152270203857;0.48041914196035
"93";"Linaria_vulgaris";6.1526323989953;0.444900600340449;4.14239470729191;1.20830459735946;47;-0.683281572999746;-1.71327616750702;-0.26187004124541;-1.32854018179767;-0.459971131558998
"94";"Linum_catharticum";5.09417947681469;0.492318180324611;3.75399105186022;0.661042600934312;30;-2.46743167347353;-1.70990265081592;-1.76678950587462;-1.97984201230036;-0.862923628572837
"95";"Lolium_multiflorum";5.68945057254303;0.456577212647698;5.90109364034057;1.44535104651661;36;-0.182178902359924;1.35484009224931;1.1129372807821;0.747741847040827;-0.694137493681851
"96";"Lolium_perenne";4.23407204248026;0.4615192179315;5.16406621742428;1.92325682708962;53;-1.19308234723205;0.599143208878957;0.700403830406733;0.298288163074474;0.275572353697001
"97";"Lotus_corniculatus";4.5451976249256;0.468527140048865;5.72599548855427;1.18746177086264;52.5;-1.46969825341949;0.352246699049256;0.1586014154151;-0.0490713021350071;0.160090513447356
"98";"Luzula_campestris";4.94969849283772;0.538729988027398;4.26958233706764;0.574084447185255;15;-1.83189110175687;-0.348648577347737;-1.67990617378794;-0.826317922266395;-1.55166556372705
"99";"Lysimachia_vulgaris";4.04823578651244;0.486328438979569;4.96462075464041;1.27505899437875;74.3333333333333;-0.165232674872103;-1.0064127139584;-0.440451552710155;0.131908167329842;0.633535235358368
"100";"Medicago_lupulina";5.40865373674067;0.487866066864191;5.83648428136146;1.31009450088534;72.75;-1.1957189771136;0.487595357811008;0.624378671721523;-0.135835436309231;1.00304058886229
"101";"Medicago_sativa_aggr.";4.04432723669267;0.560987215362856;5.84301905410778;1.59059737205869;71.4;-0.592476240495764;0.71900554191224;0.275522506906999;1.00375454813476;0.811762474374095
"102";"Mentha_aquatica";4.27369819107101;0.431734228946981;3.49705099355656;1.03834034633864;50;-0.760086999313348;-1.83571159956381;-1.38724630019959;-1.04234381152751;-0.337647282526971
"103";"Mentha_sp";4.27369819107101;0.431734228946981;3.49705099355656;1.03834034633864;50;-0.760086999313348;-1.83571159956381;-1.38724630019959;-1.04234381152751;-0.337647282526971
"104";"Orchis_militaris";4.64004310324807;0.322443793551682;5.13225096814254;1.34591975986684;70;-1.40997169735237;-3.30067441634846;0.298842142828045;-1.829957825998;0.552000428673939
"105";"Phalaris_arundinacea";4.50105235812772;0.538394044041088;5.65618689705634;1.76862111448666;50.6;0.357965351001097;-0.266257888207084;0.531355190153688;1.07419188717741;-0.409906968963562
"106";"Phleum_pratense_aggr.";4.70009207236972;0.570790712770355;4.64206942085157;1.69845412648937;48.9166666666667;-0.436488332501384;-0.91687272757296;-0.279690530839495;0.148149823736621;-0.364513788775751
"107";"Phragmites_australis";3.81247073161046;0.641140148836919;4.76653262958934;1.11473396343968;18.5555555555556;0.726160421828147;-1.95317415456764;-1.59142595287456;0.954159230741842;-2.25097215409036
"108";"Picris_hieracioides";5.09731433827133;0.413618521765593;5.06535378762013;1.64273715509257;75;-0.471580963041948;-0.221479053948408;0.75975920243269;-0.204180404673551;0.944867351481468
"109";"Pimpinella_major";5.63576388618925;0.475378796329832;4.97594212184989;1.75606093288359;70;-0.469083535339251;0.765436970612408;0.86491860716779;0.121958712674374;0.846504342524605
"110";"Pimpinella_saxifraga_aggr.";4.02027781218745;0.547868874862467;4.58840628347006;1.31872269668418;62;-0.934573071918336;0.193777608669513;-0.780083515220337;0.238491297732859;0.429805798118828
"111";"Pinus_sylvestris";2.13257698230033;0.652301236436352;3.45102139307261;1.14014962756885;62;1.59469043517276;1.55608641374421;-2.4122539069352;2.59891673950116;-0.0764294235240937
"112";"Plantago_lanceolata";3.87069431081833;0.445137715385183;4.59868853769423;1.47895521196407;75.3333333333333;-1.63438881595248;0.51795542786375;-0.189209023495505;-0.267729029433454;1.30818199220084
"113";"Plantago_major";4.23711945202998;0.398688312266838;4.40326298936901;1.3856406460551;71;-1.43310170789778;-1.39845009385454;-0.297892629498733;-1.08883782644105;0.838456909075624
"114";"Plantago_media";4.18485208623515;0.495180867040364;4.52219685620275;1.27003936946852;71.25;-1.59847996325548;-0.949847148588481;-0.738715920578094;-0.762249002288413;0.871871826069422
"115";"Poa_annua";5.61713685386959;0.489297455542127;6.09762551093504;1.99513117253008;29.6;-1.40799528093857;-1.16099117367882;1.41114346654747;-0.398621830006779;-0.951777059466206
"116";"Poa_pratensis_aggr.";4.44098530457227;0.599012211072195;4.04462228645816;1.19474015545953;52.0357142857143;-1.20946655397457;-1.2402952461643;-1.47291536503951;-0.529980028098167;-0.151839985990767
"117";"Poa_trivialis";5.64782413107459;0.556468528373658;4.60743210834734;1.54934154653741;55.4074074074074;-0.524053801601986;-1.53075455749293;-0.17056495026135;-0.540880183686754;-0.145458431203685
"118";"Polygala_comosa_aggr.";4.56960127576696;0.62156843237893;4.60718316705994;1.58113883008419;75.3571428571428;-2.12264042334458;0.432410943757958;-0.576700956170783;-0.315186683180547;1.3363117639522
"119";"Polygonum_aviculare";5.01129555983423;0.53251602613725;5.37637653872114;1.56356075104942;5;-0.777956407261117;0.400772106988978;0.270699319216857;0.571372080755626;-2.03870552440011
"120";"Populus_tremula";3.83699461097058;0.575985609538803;4.86473700339399;1.27658906861138;83.3333333333333;1.54381196615889;-1.93936356984068;-0.936623067700409;0.985757477501499;0.428984755441715
"121";"Potentilla_anserina";3.9471194782156;0.522061922847176;5.03607619340378;1.46755651409699;70;-1.86324094710546;-0.0533307624264504;-0.323967726897101;-0.258611277802511;0.994616711587242
"122";"Potentilla_erecta";5.36977644798076;0.54604830372413;4.71753525571234;1.32206275959512;62;-1.70587983840959;-0.691162427763688;-0.383110952412725;-0.897481992374341;0.511573254155608
"123";"Potentilla_recta";4.77984910955572;0.581853638537403;4.42098059761005;1.32206275959512;73.5;-1.2963933580132;-0.887498048027814;-0.867572539324509;-0.584514943787327;0.869668769907502
"124";"Potentilla_reptans";4.9529363351893;0.508447967261962;5.35057193662672;1.16043265162564;50;-1.63476189038289;-1.10098258475534;-0.269515905244088;-0.751358342959835;-0.111556330244283
"125";"Potentilla_verna_aggr.";3.72092622517651;0.58102637237219;4.88298007823546;1.35443715247331;60.7416666666666;-2.3871979204782;-0.484622863427025;-0.935501605209593;-0.482091646192932;0.615743355492886
"126";"Prunella_sp";5.47715578957525;0.494652499279127;3.93980160244989;1.7183810210001;67.6;-2.31867607216894;-0.0448596824414249;-0.041767103706761;-1.33326053663277;1.10982981770726
"127";"Prunus_sp";3.51166021006085;0.576160616526496;4.73442247634365;1.37614195004246;58.4666666666667;1.27353640542693;2.61509166072655;-0.577650142147435;2.54497551030513;0.0351881491756368
"128";"Prunus_spinosa";3.38269758355261;0.576160616526496;4.9415003184079;1.42136475887711;70;0.751543360890083;2.58455573529872;-0.457143628658669;2.31225777066976;0.66030250087792
"129";"Pulsatilla_vulgaris";3.59905262395719;0.516796335494895;4.39317652729776;1.22474487139159;71.25;-1.88718129035042;0.857767342116673;-0.967705836922951;-0.120603841517033;1.16388841357855
"130";"Quercus_robur";3.22701394998224;0.578255691285966;4.89761609532409;1.21164645494589;70;1.55254607317984;2.97774766623709;-0.720164843348965;2.86614830631427;0.483205757718489
"131";"Ranunculus_acris";4.31759253826752;0.467717917664127;5.08117973419856;1.73766096386838;68.6;-0.934187052391159;0.463035047335537;0.453748418675442;0.235274119624129;0.846035100681409
"132";"Ranunculus_bulbosus";4.65110711991406;0.447918432305199;4.80789455067952;1.59752346949552;70;-1.78743049167178;0.892527788336642;0.333789826849524;-0.372854027703289;1.17880687590736
"133";"Ranunculus_ficaria";5.46763202858422;0.342782730020052;5.30801281083609;2.44948974278318;70;-1.97313033047922;0.892157627595883;2.31677329773105;-0.661352937627219;1.3999654865615
"134";"Ranunculus_repens";4.80619977439504;0.417297807480382;4.95425769744508;1.91889205963285;73;-1.26055658375689;0.783243950572056;0.99014160964449;-0.144695374514743;1.22587162277257
"135";"Rosa_canina_aggr.";3.75560261967493;0.658128098655573;4.97066580234033;1.74355957741627;75.5;0.516406533255941;2.17229921794353;-0.306702412495955;2.19990419064849;0.904599672762078
"136";"Rosa_sp";4.81124852188975;0.626252944605066;4.711599162351;1.47948940141148;70;0.436248124107465;1.80648638904628;-0.346779096730183;1.47698897930746;0.63509901921951
"137";"Rubus_caesius";4.43379006213543;0.621825270205921;4.62108215710748;1.13490151020488;45;-0.361948466389573;1.24081897003259;-1.04465691368542;0.982180820986773;-0.380091061159535
"138";"Rubus_sp";4.43379006213543;0.621825270205921;4.62108215710748;1.13490151020488;45;-0.361948466389573;1.24081897003259;-1.04465691368542;0.982180820986773;-0.380091061159535
"139";"Rumex_acetosa";5.27962621210378;0.354547293912115;5.74322006598766;2.02488729004015;31.3333333333333;-0.483207236072944;-0.183420434524357;1.82706784838121;0.0874130810360949;-0.881631478502269
"140";"Rumex_acetosella";4.3637221517759;0.357937644747573;5.45352031393723;1.7739535493711;11;-2.09537232690316;-0.580060572757063;0.918306580825339;-0.64294607082617;-1.45871412126792
"141";"Rumex_crispus";4.19154750810811;0.367500884189413;5.03032802111353;1.48323969741913;53;-0.0407986187199354;0.59607900462271;0.508916799247788;0.540794501167759;-0.0142581535047943
"142";"Rumex_obtusifolius";5.12389463087929;0.367249914908091;5.78169855911761;2.0342701733054;10;-0.579005662625073;0.432967505405327;1.78414759601619;0.438006424819195;-1.71399425317835
"143";"Salvia_pratensis";4.04771540501553;0.433710498477959;5.31306712267029;1.66733320005331;70;-0.441177733864854;1.42553929192739;0.667499504071112;0.862125120954731;0.912224134895193
"144";"Sanguisorba_minor";4.26566286878538;0.571691771747925;4.51169178668047;1.35037639090922;70;-1.25283763805463;1.35519441837991;-0.682783801376642;0.370797584948444;1.00719244223891
"145";"Scabiosa_columbaria";4.38810348613424;0.434600937693605;4.36893522506724;1.1982830041355;70;-0.890550438124849;0.626268235189413;-0.411241253767434;-0.1469498893056;0.88480873603089
"146";"Senecio_jacobaea";4.79073605836045;0.441264848664231;4.40814019740752;1.66380587809997;63.8333333333333;-0.156516158738774;-1.22859825090516;0.104700140276401;-0.314233879993593;0.254457748020046
"147";"Silene_vulgaris";4.79016058149085;0.386783542333929;5.29910335581038;1.5;10.8333333333333;-0.761884773279661;0.153617780017186;0.653173365084998;0.132607396039716;-1.74489742539817
"148";"Sonchus_sp";4.55691869249387;0.338501600193164;5.30018086677695;1.86010752377383;50;0.00828160907212294;-0.553665873222623;1.22653394463813;0.181006148911599;-0.244503382044644
"149";"Stellaria_graminea";4.90634418177119;0.373919655930133;5.31171212645091;1.44301954814664;5;-0.748443168732788;-1.08952793041925;0.545307872810852;-0.322200912024896;-2.16803856030443
"150";"Stellaria_media";6.14201377391223;0.360090635573265;5.71927767270483;2.19005442854738;30;-1.20267061568736;-0.839909611171815;2.17089075368332;-0.755235547258907;-0.819879606244043
"151";"Taraxacum_sp";5.37740586864933;0.411379627899218;5.2029869164818;1.87736523632113;64.4166666666667;-2.07004442919062;-0.500459059654965;1.10834497558704;-1.11196749343695;0.874519587532836
"152";"Tragopogon_pratensis";5.02826261001964;0.447664292210755;4.52026302086259;1.2722246482267;70;-0.870353451970314;1.55333125352233;0.0110170735183689;0.04314418509465;1.00681931592314
"153";"Trifolium_alpestre";3.47706773014274;0.52416095609122;5.02244960153907;1.0397114984456;40.6666666666667;-1.57532600731577;0.313560281440454;-1.0034819032934;0.208558692572918;-0.372864415837713
"154";"Trifolium_montanum";4.2291671841865;0.513811921797798;6.11521795400622;1.33958948935859;48;-1.47349274071893;-0.145025923755724;0.213232461613073;0.183600846392225;-0.122330395520601
"155";"Trifolium_pratense";4.88175913312045;0.533808488500117;6.22348869192139;1.45720176009308;70.1363636363637;-1.27615333831643;0.514960344328819;0.654437040537056;0.289579203656292;0.888597981486088
"156";"Trifolium_repens";5.36221788857627;0.479293832425449;6.67049744601629;1.64176161254761;69.6666666666667;-2.00472209868861;-0.384829003328634;1.37632916337629;-0.526543201201549;0.975254737225217
"157";"Trisetum_flavescens";5.07662463246989;0.535694335281213;5.22142463955001;1.17776329142362;60;-0.687147322385188;-0.936178997422884;-0.319281483921071;-0.236490792439064;0.104450718840642
"158";"Urtica_dioica";5.09896886443067;0.502169747490125;6.20642307249135;2.03945526232178;10;0.0436340391771497;-1.63848803074153;1.28447733676903;0.578352686025654;-2.23710952393687
"159";"Veronica_arvensis";5.26341028805741;0.420559151606525;5.0438080851674;1.03150375665821;70;-2.28568459807017;-1.90403456540247;-0.216000758598332;-1.9154136610754;0.859734618325005
"160";"Veronica_chamaedrys";5.58971261232036;0.49202231083932;4.41941832175036;1.5780813837273;54;-1.81254173052186;-1.39651417621253;-0.0384440385244463;-1.38060837877125;0.177276562334784
"161";"Veronica_officinalis";5.01142411928319;0.529150262212918;3.87038851396084;1.58113883008419;64;-1.94947372140779;-1.89482031004302;-0.715187924560427;-1.52658337690209;0.573604743578922
"162";"Vicia_cracca_aggr.";5.35696093204214;0.479204527165631;6.2892558992755;1.44331910912929;42.25;-0.190983348791804;2.00732175486005;1.2015440960595;1.20847982575409;-0.363405677096699
"163";"Vicia_sativa_aggr.";4.93758991999587;0.491707832769823;7.39702454295213;1.60312195418814;70;-0.829854202740048;2.03517918743597;1.83825727882808;1.27222281957152;0.978988357560858
"164";"Vicia_sepium";5.02908381318109;0.500168487227025;6.54905489364687;1.52433051186304;61.5;-0.665778221975453;1.9935703447347;1.26078714117718;1.1165865365114;0.577682257981059
"165";"Vicia_sp";4.89994426181652;0.496442503466014;6.55603014842597;1.51343778255392;63.1649484536082;-0.711159486992345;1.93510167272692;1.21957902977247;1.09878918465496;0.652774760430042
"166";"Silene_flos-cuculi";6.01281963807331;0.374165738677394;3.94334883062607;1.33416640641263;15;-0.498780190217697;-1.52558528832355;-0.00215577990192697;-1.17350924338044;-1.80873937077318
"167";"Rhinanthus_aggr.";4.07714667341433;0.576190820051058;5.72408054322021;2.41225044451925;0;-1.268165827673;0.860740939184101;1.02587420619434;1.23200112812924;-1.99673398851564
"168";"Epilobium_tetragonum";6.79509627108647;0.425999822494601;3.91695034433678;1.88095720312824;68.3333333333333;-0.5940262070027;-2.285798864181;0.686278206057497;-1.72747195331654;0.494371021087899
"169";"Juncus_bufonius";4.98435319976424;0.369459064038223;3.85486705347928;1.51558569536665;15;-1.80022849560765;-2.8834883540905;-0.337250345584726;-1.95916346362984;-1.64519308979634
"170";"Senecio_sp";4.79073605836045;0.459013376711398;4.40814019740752;1.66380587809997;67.78;-0.305857901934473;-1.04614346912326;0.0517413223454384;-0.308554383197225;0.477157143593282
"171";"Sonchus_asper";5.64721715674119;0.351859072401037;5.34149770043857;1.86010752377383;52.5;-0.107286356835072;-1.1030101987788;1.49070683472574;-0.400165337591739;-0.179576092791068
"172";"Vaccinium_myrtillus";4.34869155997223;0.604892178179053;4.35501336750684;1.11140426221615;55.625;-1.03812559562996;-0.990848602190427;-1.41789608215484;-0.259333056968791;-0.032243453922787
"173";"Armeria_maritima";3.95504407584144;0.429272640637626;4.3977266854592;1.58113883008419;30;-1.97339666369812;0.292288719900174;-0.192337699519999;-0.409300757998117;-0.580559156328684
"174";"Cirsium_sp";4.2262071894171;0.391110266248806;5.48061770943987;1.10956729756336;75.04;-0.105637120088919;0.787226668119221;0.273667126335918;0.543313752169659;0.90284889662145
"175";"Ranunculus_sp";4.61557669330505;0.439808486256031;5.00234156069315;1.83095007803637;70.821;-1.17135452576466;0.690596098824929;0.748895490607456;-0.00190855329755046;1.0671247188396
"176";"Trifolium_sp";5.24999356154362;0.4949458820692;6.49057650446721;1.57425937868718;69.8129782675238;-1.72041311039333;-0.0202170983780725;1.1454037295284;-0.24418755468648;0.946452141043391
"177";"Crepis_sp";5.3422987992062;0.364005494464026;5.04975246918104;1.73018135118837;70;-0.224511993280195;0.417869055609937;1.20378227293266;-0.0317208549714826;0.795780021929309
"178";"Angelica_sylvestris";5.47905601266834;0.497446732434287;5.3298000887875;1.78885438199983;59.2727272727273;-0.11013984535999;0.614822989215521;0.942081782613139;0.538296399757282;0.248296875293688
"179";"Campanula_glomerata";4.79783460902313;0.438761514568753;5.00549697832293;1.43178210632764;67.125;-1.37983920891319;-2.13559855560221;0.0295531540427582;-1.18728981459421;0.525092327058993
"180";"Crepis_biennis";5.3422987992062;0.364005494464026;5.04975246918104;1.73018135118837;70;-0.224511993280195;0.417869055609937;1.20378227293266;-0.0317208549714826;0.795780021929309
"181";"Epilobium_hirsutum";4.63082075032672;0.449937579106813;5.68330889535313;1.84390889145858;35;0.337178013578922;-1.87321813760285;0.84688201479704;0.367322416182503;-1.23536143840182
"182";"Epilobium_parviflorum";6.04470664545324;0.416083452945216;4.48065285421667;1.88095720312824;60;-0.619550403670362;-2.38003925997242;0.770812363450729;-1.34020406960183;0.103749545396542
"183";"Origanum_vulgare";4.63047107258676;0.545668059020317;4.36180581869482;1.30384048104053;55.4;-0.760366561584259;-2.07563545809704;-0.952138351027396;-0.659492474172524;-0.18999705063249
"184";"Phyteuma_orbiculare";6.00832755431992;0.461936142773003;5.628943062423;1.46287388383278;70;-1.28760954065125;-1.48511740780361;0.782831476012983;-1.10817874661993;0.693715107749453
"185";"Veronica_persica";5.66273834306664;0.346890953086605;4.69574275274956;1.6393596310755;30;-2.04296828181092;-0.423044351723762;0.850704674681384;-1.37838264800666;-0.597182845313452
"186";"Bromus_hordeaceus_aggr.incl_B_commutatus";4.78780816443302;0.486309870247128;5.10476966630229;1.08616736233418;60;-0.729785721936961;0.947657537551509;-0.196697929556642;0.269676307179225;0.382837837016518
